id,text,embedding_text
chunk:chapter I|article 1:1,"# **Điều 1. Phạm vi điều chỉnh** Luật này quy định về người nộp thuế, thu nhập chịu thuế, thu nhập được miễn thuế, giảm thuế và căn cứ tính","[chapter I | article 1] # **Điều 1. Phạm vi điều chỉnh** Luật này quy định về người nộp thuế, thu nhập chịu thuế, thu nhập được miễn thuế, giảm thuế và căn cứ tính"
chunk:chapter I|article 1:2,thuế và căn cứ tính thuế thu nhập cá nhân.,[chapter I | article 1] thuế và căn cứ tính thuế thu nhập cá nhân.
chunk:chapter I|article 2|clause 1:1,1. Người nộp thuế thu nhập cá nhân là cá nhân cư trú có thu nhập chịu thuế quy định tại Điều 3 của Luật này phát sinh trong và,[chapter I | article 2 | clause 1] 1. Người nộp thuế thu nhập cá nhân là cá nhân cư trú có thu nhập chịu thuế quy định tại Điều 3 của Luật này phát sinh trong và
chunk:chapter I|article 2|clause 1:2,này phát sinh trong và ngoài lãnh thổ Việt Nam và cá nhân không cư trú có thu nhập chịu thuế quy định tại Điều 3 của Luật này phát,[chapter I | article 2 | clause 1] này phát sinh trong và ngoài lãnh thổ Việt Nam và cá nhân không cư trú có thu nhập chịu thuế quy định tại Điều 3 của Luật này phát
chunk:chapter I|article 2|clause 1:3,3 của Luật này phát sinh trong lãnh thổ Việt Nam.,[chapter I | article 2 | clause 1] 3 của Luật này phát sinh trong lãnh thổ Việt Nam.
chunk:chapter I|article 2|clause 2|point a:1,a) Có mặt tại Việt Nam từ 183 ngày trở lên tính trong 01 năm dương lịch hoặc tính theo 12 tháng liên tục kể từ ngày đầu tiên có,[chapter I | article 2 | clause 2 | point a] a) Có mặt tại Việt Nam từ 183 ngày trở lên tính trong 01 năm dương lịch hoặc tính theo 12 tháng liên tục kể từ ngày đầu tiên có
chunk:chapter I|article 2|clause 2|point a:2,từ ngày đầu tiên có mặt tại Việt Nam;,[chapter I | article 2 | clause 2 | point a] từ ngày đầu tiên có mặt tại Việt Nam;
chunk:chapter I|article 2|clause 2|point b:1,"b) Có nơi ở thường xuyên tại Việt Nam, bao gồm có nơi ở đăng ký thường trú hoặc có nhà thuê để ở tại Việt Nam theo hợp đồng","[chapter I | article 2 | clause 2 | point b] b) Có nơi ở thường xuyên tại Việt Nam, bao gồm có nơi ở đăng ký thường trú hoặc có nhà thuê để ở tại Việt Nam theo hợp đồng"
chunk:chapter I|article 2|clause 2|point b:2,Việt Nam theo hợp đồng thuê có thời hạn.,[chapter I | article 2 | clause 2 | point b] Việt Nam theo hợp đồng thuê có thời hạn.
chunk:chapter I|article 2|clause 3:1,3. Cá nhân không cư trú là người không đáp ứng điều kiện quy định tại khoản 2 Điều này.,[chapter I | article 2 | clause 3] 3. Cá nhân không cư trú là người không đáp ứng điều kiện quy định tại khoản 2 Điều này.
chunk:chapter I|article 2|clause 4:1,4. Chính phủ quy định chi tiết Điều này.,[chapter I | article 2 | clause 4] 4. Chính phủ quy định chi tiết Điều này.
chunk:chapter I|article 3|clause 1|point a:1,"a) Thu nhập từ hoạt động sản xuất, kinh doanh hàng hoá, dịch vụ;","[chapter I | article 3 | clause 1 | point a] a) Thu nhập từ hoạt động sản xuất, kinh doanh hàng hoá, dịch vụ;"
chunk:chapter I|article 3|clause 1|point b:1,b) Thu nhập từ hoạt động hành nghề độc lập của cá nhân có giấy phép hoặc chứng chỉ hành nghề theo quy định của pháp luật;,[chapter I | article 3 | clause 1 | point b] b) Thu nhập từ hoạt động hành nghề độc lập của cá nhân có giấy phép hoặc chứng chỉ hành nghề theo quy định của pháp luật;
chunk:chapter I|article 3|clause 1|point c:1,"c) Thu nhập từ hoạt động đại lý, môi giới, hợp tác kinh doanh với tổ chức;","[chapter I | article 3 | clause 1 | point c] c) Thu nhập từ hoạt động đại lý, môi giới, hợp tác kinh doanh với tổ chức;"
chunk:chapter I|article 3|clause 1|point d:1,"d) Thu nhập từ hoạt động kinh doanh thương mại điện tử, kinh doanh dựa trên nền tảng số.","[chapter I | article 3 | clause 1 | point d] d) Thu nhập từ hoạt động kinh doanh thương mại điện tử, kinh doanh dựa trên nền tảng số."
chunk:chapter I|article 3|clause 2|point a:1,"a) Tiền lương, tiền công và các khoản có tính chất tiền lương, tiền công;","[chapter I | article 3 | clause 2 | point a] a) Tiền lương, tiền công và các khoản có tính chất tiền lương, tiền công;"
chunk:chapter I|article 3|clause 2|point b:1,"b) Tiền thù lao, các khoản lợi ích bằng tiền hoặc không bằng tiền dưới mọi hình thức;","[chapter I | article 3 | clause 2 | point b] b) Tiền thù lao, các khoản lợi ích bằng tiền hoặc không bằng tiền dưới mọi hình thức;"
chunk:chapter I|article 3|clause 2|point c:1,"c) Các khoản phụ cấp, trợ cấp, thu nhập khác trừ các khoản: phụ cấp, trợ cấp theo quy định của pháp luật về ưu đãi người có công; phụ","[chapter I | article 3 | clause 2 | point c] c) Các khoản phụ cấp, trợ cấp, thu nhập khác trừ các khoản: phụ cấp, trợ cấp theo quy định của pháp luật về ưu đãi người có công; phụ"
chunk:chapter I|article 3|clause 2|point c:2,"đãi người có công; phụ cấp quốc phòng, an ninh; phụ cấp độc hại, nguy hiểm đối với ngành, nghề hoặc công việc ở nơi làm việc có yếu tố","[chapter I | article 3 | clause 2 | point c] đãi người có công; phụ cấp quốc phòng, an ninh; phụ cấp độc hại, nguy hiểm đối với ngành, nghề hoặc công việc ở nơi làm việc có yếu tố"
chunk:chapter I|article 3|clause 2|point c:3,"làm việc có yếu tố độc hại, nguy hiểm; phụ cấp thu hút, phụ cấp khu vực theo quy định của pháp luật; phụ cấp, trợ cấp, sinh hoạt phí","[chapter I | article 3 | clause 2 | point c] làm việc có yếu tố độc hại, nguy hiểm; phụ cấp thu hút, phụ cấp khu vực theo quy định của pháp luật; phụ cấp, trợ cấp, sinh hoạt phí"
chunk:chapter I|article 3|clause 2|point c:4,"trợ cấp, sinh hoạt phí do cơ quan Việt Nam ở nước ngoài chi trả; trợ cấp khó khăn đột xuất, trợ cấp tai nạn lao động, bệnh nghề nghiệp,","[chapter I | article 3 | clause 2 | point c] trợ cấp, sinh hoạt phí do cơ quan Việt Nam ở nước ngoài chi trả; trợ cấp khó khăn đột xuất, trợ cấp tai nạn lao động, bệnh nghề nghiệp,"
chunk:chapter I|article 3|clause 2|point c:5,"lao động, bệnh nghề nghiệp, trợ cấp một lần khi sinh con hoặc nhận nuôi con nuôi, trợ cấp do suy giảm khả năng lao động, trợ cấp hưu trí","[chapter I | article 3 | clause 2 | point c] lao động, bệnh nghề nghiệp, trợ cấp một lần khi sinh con hoặc nhận nuôi con nuôi, trợ cấp do suy giảm khả năng lao động, trợ cấp hưu trí"
chunk:chapter I|article 3|clause 2|point c:6,"động, trợ cấp hưu trí một lần, trợ cấp tuất hàng tháng và các khoản trợ cấp khác theo quy định của pháp luật về bảo hiểm xã hội; trợ","[chapter I | article 3 | clause 2 | point c] động, trợ cấp hưu trí một lần, trợ cấp tuất hàng tháng và các khoản trợ cấp khác theo quy định của pháp luật về bảo hiểm xã hội; trợ"
chunk:chapter I|article 3|clause 2|point c:7,"bảo hiểm xã hội; trợ cấp thôi việc, trợ cấp mất việc làm; trợ cấp mang tính chất bảo trợ xã hội và các khoản phụ cấp, trợ cấp, thu","[chapter I | article 3 | clause 2 | point c] bảo hiểm xã hội; trợ cấp thôi việc, trợ cấp mất việc làm; trợ cấp mang tính chất bảo trợ xã hội và các khoản phụ cấp, trợ cấp, thu"
chunk:chapter I|article 3|clause 2|point c:8,"phụ cấp, trợ cấp, thu nhập khác không mang tính chất tiền lương, tiền công do Chính phủ quy định.","[chapter I | article 3 | clause 2 | point c] phụ cấp, trợ cấp, thu nhập khác không mang tính chất tiền lương, tiền công do Chính phủ quy định."
chunk:chapter I|article 3|clause 3|point a:1,a) Tiền lãi cho vay;,[chapter I | article 3 | clause 3 | point a] a) Tiền lãi cho vay;
chunk:chapter I|article 3|clause 3|point b:1,b) Lợi tức cổ phần;,[chapter I | article 3 | clause 3 | point b] b) Lợi tức cổ phần;
chunk:chapter I|article 3|clause 3|point c:1,c) Thu nhập từ đầu tư vốn dưới các hình thức khác.,[chapter I | article 3 | clause 3 | point c] c) Thu nhập từ đầu tư vốn dưới các hình thức khác.
chunk:chapter I|article 3|clause 4|point a:1,a) Thu nhập từ chuyển nhượng phần vốn trong các tổ chức kinh tế;,[chapter I | article 3 | clause 4 | point a] a) Thu nhập từ chuyển nhượng phần vốn trong các tổ chức kinh tế;
chunk:chapter I|article 3|clause 4|point b:1,b) Thu nhập từ chuyển nhượng chứng khoán;,[chapter I | article 3 | clause 4 | point b] b) Thu nhập từ chuyển nhượng chứng khoán;
chunk:chapter I|article 3|clause 4|point c:1,c) Thu nhập từ chuyển nhượng vốn dưới các hình thức khác.,[chapter I | article 3 | clause 4 | point c] c) Thu nhập từ chuyển nhượng vốn dưới các hình thức khác.
chunk:chapter I|article 3|clause 5|point a:1,a) Thu nhập từ chuyển nhượng quyền sử dụng đất và tài sản gắn liền với đất;,[chapter I | article 3 | clause 5 | point a] a) Thu nhập từ chuyển nhượng quyền sử dụng đất và tài sản gắn liền với đất;
chunk:chapter I|article 3|clause 5|point b:1,b) Thu nhập từ chuyển nhượng quyền sở hữu hoặc sử dụng nhà ở;,[chapter I | article 3 | clause 5 | point b] b) Thu nhập từ chuyển nhượng quyền sở hữu hoặc sử dụng nhà ở;
chunk:chapter I|article 3|clause 5|point c:1,"c) Thu nhập từ chuyển nhượng quyền thuê đất, quyền thuê mặt nước;","[chapter I | article 3 | clause 5 | point c] c) Thu nhập từ chuyển nhượng quyền thuê đất, quyền thuê mặt nước;"
chunk:chapter I|article 3|clause 5|point d:1,d) Các khoản thu nhập khác nhận được từ chuyển nhượng bất động sản dưới mọi hình thức.,[chapter I | article 3 | clause 5 | point d] d) Các khoản thu nhập khác nhận được từ chuyển nhượng bất động sản dưới mọi hình thức.
chunk:chapter I|article 3|clause 6|point a:1,a) Trúng thưởng xổ số;,[chapter I | article 3 | clause 6 | point a] a) Trúng thưởng xổ số;
chunk:chapter I|article 3|clause 6|point b:1,b) Trúng thưởng trong các hình thức khuyến mại;,[chapter I | article 3 | clause 6 | point b] b) Trúng thưởng trong các hình thức khuyến mại;
chunk:chapter I|article 3|clause 6|point c:1,c) Trúng thưởng trong các hình thức đặt cược;,[chapter I | article 3 | clause 6 | point c] c) Trúng thưởng trong các hình thức đặt cược;
chunk:chapter I|article 3|clause 6|point d:1,"d) Trúng thưởng trong các trò chơi, cuộc thi có thưởng và các hình thức trúng thưởng khác, trừ trúng thưởng trong casino.","[chapter I | article 3 | clause 6 | point d] d) Trúng thưởng trong các trò chơi, cuộc thi có thưởng và các hình thức trúng thưởng khác, trừ trúng thưởng trong casino."
chunk:chapter I|article 3|clause 7|point a:1,"a) Thu nhập từ chuyển giao, chuyển quyền sử dụng các đối tượng của quyền sở hữu trí tuệ;","[chapter I | article 3 | clause 7 | point a] a) Thu nhập từ chuyển giao, chuyển quyền sử dụng các đối tượng của quyền sở hữu trí tuệ;"
chunk:chapter I|article 3|clause 7|point b:1,b) Thu nhập từ chuyển giao công nghệ.,[chapter I | article 3 | clause 7 | point b] b) Thu nhập từ chuyển giao công nghệ.
chunk:chapter I|article 3|clause 8:1,8. Thu nhập từ nhượng quyền thương mại.,[chapter I | article 3 | clause 8] 8. Thu nhập từ nhượng quyền thương mại.
chunk:chapter I|article 3|clause 9:1,"9. Thu nhập từ nhận thừa kế, quà tặng là chứng khoán, phần vốn trong các tổ chức kinh tế, cơ sở kinh doanh, bất động sản và các tài","[chapter I | article 3 | clause 9] 9. Thu nhập từ nhận thừa kế, quà tặng là chứng khoán, phần vốn trong các tổ chức kinh tế, cơ sở kinh doanh, bất động sản và các tài"
chunk:chapter I|article 3|clause 9:2,động sản và các tài sản phải đăng ký sở hữu hoặc đăng ký sử dụng.,[chapter I | article 3 | clause 9] động sản và các tài sản phải đăng ký sở hữu hoặc đăng ký sử dụng.
chunk:chapter I|article 3|clause 10|point a:1,a) Thu nhập từ chuyển nhượng tên miền internet quốc gia Việt Nam “.vn”;,[chapter I | article 3 | clause 10 | point a] a) Thu nhập từ chuyển nhượng tên miền internet quốc gia Việt Nam “.vn”;
chunk:chapter I|article 3|clause 10|point b:1,"b) Thu nhập từ chuyển nhượng kết quả giảm phát thải khí nhà kính, tín chỉ các bon;","[chapter I | article 3 | clause 10 | point b] b) Thu nhập từ chuyển nhượng kết quả giảm phát thải khí nhà kính, tín chỉ các bon;"
chunk:chapter I|article 3|clause 10|point c:1,c) Thu nhập từ chuyển nhượng biển số xe trúng đấu giá theo quy định của pháp luật;,[chapter I | article 3 | clause 10 | point c] c) Thu nhập từ chuyển nhượng biển số xe trúng đấu giá theo quy định của pháp luật;
chunk:chapter I|article 3|clause 10|point d:1,d) Thu nhập từ chuyển nhượng tài sản số;,[chapter I | article 3 | clause 10 | point d] d) Thu nhập từ chuyển nhượng tài sản số;
chunk:chapter I|article 3|clause 10|point d:1,"đ) Thu nhập từ chuyển nhượng vàng miếng. Chính phủ quy định ngưỡng giá trị vàng miếng chịu thuế, thời điểm áp dụng thu và điều chỉnh thuế suất thuế","[chapter I | article 3 | clause 10 | point d] đ) Thu nhập từ chuyển nhượng vàng miếng. Chính phủ quy định ngưỡng giá trị vàng miếng chịu thuế, thời điểm áp dụng thu và điều chỉnh thuế suất thuế"
chunk:chapter I|article 3|clause 10|point d:2,điều chỉnh thuế suất thuế thu nhập cá nhân đối với chuyển nhượng vàng miếng phù hợp với lộ trình quản lý thị trường vàng.,[chapter I | article 3 | clause 10 | point d] điều chỉnh thuế suất thuế thu nhập cá nhân đối với chuyển nhượng vàng miếng phù hợp với lộ trình quản lý thị trường vàng.
chunk:chapter I|article 3|clause 11:1,"11. Chính phủ quy định chi tiết Điều này và việc quy đổi thu nhập chịu thuế nhận được không bằng tiền, không bằng Đồng Việt Nam.","[chapter I | article 3 | clause 11] 11. Chính phủ quy định chi tiết Điều này và việc quy đổi thu nhập chịu thuế nhận được không bằng tiền, không bằng Đồng Việt Nam."
chunk:chapter I|article 4|clause 1:1,"1. Thu nhập từ chuyển nhượng, nhận thừa kế, quà tặng là bất động sản giữa vợ với chồng; cha đẻ, mẹ đẻ với con đẻ; cha nuôi, mẹ nuôi","[chapter I | article 4 | clause 1] 1. Thu nhập từ chuyển nhượng, nhận thừa kế, quà tặng là bất động sản giữa vợ với chồng; cha đẻ, mẹ đẻ với con đẻ; cha nuôi, mẹ nuôi"
chunk:chapter I|article 4|clause 1:2,"đẻ; cha nuôi, mẹ nuôi với con nuôi; cha chồng, mẹ chồng với con dâu; cha vợ, mẹ vợ với con rể; ông nội, bà nội với cháu nội; ông","[chapter I | article 4 | clause 1] đẻ; cha nuôi, mẹ nuôi với con nuôi; cha chồng, mẹ chồng với con dâu; cha vợ, mẹ vợ với con rể; ông nội, bà nội với cháu nội; ông"
chunk:chapter I|article 4|clause 1:3,"nội với cháu nội; ông ngoại, bà ngoại với cháu ngoại; anh, chị, em ruột với nhau.","[chapter I | article 4 | clause 1] nội với cháu nội; ông ngoại, bà ngoại với cháu ngoại; anh, chị, em ruột với nhau."
chunk:chapter I|article 4|clause 2:1,"2. Thu nhập từ chuyển nhượng nhà ở, quyền sử dụng đất ở và tài sản gắn liền với đất ở của cá nhân trong trường hợp cá nhân chỉ","[chapter I | article 4 | clause 2] 2. Thu nhập từ chuyển nhượng nhà ở, quyền sử dụng đất ở và tài sản gắn liền với đất ở của cá nhân trong trường hợp cá nhân chỉ"
chunk:chapter I|article 4|clause 2:2,"trường hợp cá nhân chỉ có một nhà ở, đất ở duy nhất tại Việt Nam.","[chapter I | article 4 | clause 2] trường hợp cá nhân chỉ có một nhà ở, đất ở duy nhất tại Việt Nam."
chunk:chapter I|article 4|clause 3:1,3. Thu nhập từ giá trị quyền sử dụng đất của cá nhân được Nhà nước giao đất.,[chapter I | article 4 | clause 3] 3. Thu nhập từ giá trị quyền sử dụng đất của cá nhân được Nhà nước giao đất.
chunk:chapter I|article 4|clause 4:1,"4. Thu nhập của hộ gia đình, cá nhân trực tiếp sản xuất sản phẩm cây trồng, rừng trồng, chăn nuôi, thủy sản nuôi trồng, đánh bắt chưa qua chế","[chapter I | article 4 | clause 4] 4. Thu nhập của hộ gia đình, cá nhân trực tiếp sản xuất sản phẩm cây trồng, rừng trồng, chăn nuôi, thủy sản nuôi trồng, đánh bắt chưa qua chế"
chunk:chapter I|article 4|clause 4:2,đánh bắt chưa qua chế biến thành các sản phẩm khác hoặc chỉ qua sơ chế thông thường; sản xuất muối; thu nhập từ lợi tức cổ phần của thành,[chapter I | article 4 | clause 4] đánh bắt chưa qua chế biến thành các sản phẩm khác hoặc chỉ qua sơ chế thông thường; sản xuất muối; thu nhập từ lợi tức cổ phần của thành
chunk:chapter I|article 4|clause 4:3,"tức cổ phần của thành viên hợp tác xã, liên hiệp hợp tác xã nông nghiệp, cá nhân là nông dân ký kết hợp đồng với doanh nghiệp tham gia","[chapter I | article 4 | clause 4] tức cổ phần của thành viên hợp tác xã, liên hiệp hợp tác xã nông nghiệp, cá nhân là nông dân ký kết hợp đồng với doanh nghiệp tham gia"
chunk:chapter I|article 4|clause 4:4,"với doanh nghiệp tham gia “Cánh đồng lớn”, trồng rừng sản xuất, nuôi trồng thủy sản.","[chapter I | article 4 | clause 4] với doanh nghiệp tham gia “Cánh đồng lớn”, trồng rừng sản xuất, nuôi trồng thủy sản."
chunk:chapter I|article 4|clause 5:1,"5. Thu nhập từ chuyển đổi đất nông nghiệp của hộ gia đình, cá nhân được Nhà nước giao để sản xuất.","[chapter I | article 4 | clause 5] 5. Thu nhập từ chuyển đổi đất nông nghiệp của hộ gia đình, cá nhân được Nhà nước giao để sản xuất."
chunk:chapter I|article 4|clause 6:1,"6. Thu nhập từ lãi trái phiếu chính phủ, lãi trái phiếu chính quyền địa phương, lãi tiền gửi tại tổ chức tín dụng, lãi từ hợp đồng bảo hiểm","[chapter I | article 4 | clause 6] 6. Thu nhập từ lãi trái phiếu chính phủ, lãi trái phiếu chính quyền địa phương, lãi tiền gửi tại tổ chức tín dụng, lãi từ hợp đồng bảo hiểm"
chunk:chapter I|article 4|clause 6:2,từ hợp đồng bảo hiểm nhân thọ.,[chapter I | article 4 | clause 6] từ hợp đồng bảo hiểm nhân thọ.
chunk:chapter I|article 4|clause 7:1,7. Thu nhập từ kiều hối.,[chapter I | article 4 | clause 7] 7. Thu nhập từ kiều hối.
chunk:chapter I|article 4|clause 8:1,"8. Tiền lương làm việc ban đêm, làm thêm giờ, tiền lương, tiền công trả cho những ngày không nghỉ phép theo quy định của pháp luật.","[chapter I | article 4 | clause 8] 8. Tiền lương làm việc ban đêm, làm thêm giờ, tiền lương, tiền công trả cho những ngày không nghỉ phép theo quy định của pháp luật."
chunk:chapter I|article 4|clause 9:1,"9. Tiền lương hưu do Quỹ bảo hiểm xã hội chi trả; thu nhập do quỹ bảo hiểm hưu trí bổ sung, quỹ hưu trí tự nguyện chi trả.","[chapter I | article 4 | clause 9] 9. Tiền lương hưu do Quỹ bảo hiểm xã hội chi trả; thu nhập do quỹ bảo hiểm hưu trí bổ sung, quỹ hưu trí tự nguyện chi trả."
chunk:chapter I|article 4|clause 10|point a:1,a) Học bổng nhận được từ ngân sách nhà nước;,[chapter I | article 4 | clause 10 | point a] a) Học bổng nhận được từ ngân sách nhà nước;
chunk:chapter I|article 4|clause 10|point b:1,b) Học bổng nhận được từ tổ chức trong nước và ngoài nước theo chương trình hỗ trợ khuyến học của tổ chức đó.,[chapter I | article 4 | clause 10 | point b] b) Học bổng nhận được từ tổ chức trong nước và ngoài nước theo chương trình hỗ trợ khuyến học của tổ chức đó.
chunk:chapter I|article 4|clause 11:1,"11. Thu nhập từ bồi thường hợp đồng bảo hiểm nhân thọ, phi nhân thọ, tiền bồi thường tai nạn lao động, khoản bồi thường nhà nước và các khoản","[chapter I | article 4 | clause 11] 11. Thu nhập từ bồi thường hợp đồng bảo hiểm nhân thọ, phi nhân thọ, tiền bồi thường tai nạn lao động, khoản bồi thường nhà nước và các khoản"
chunk:chapter I|article 4|clause 11:2,nhà nước và các khoản bồi thường khác theo quy định của pháp luật.,[chapter I | article 4 | clause 11] nhà nước và các khoản bồi thường khác theo quy định của pháp luật.
chunk:chapter I|article 4|clause 12:1,"12. Thu nhập nhận được từ các tổ chức và quỹ từ thiện được cơ quan nhà nước có thẩm quyền cho phép thành lập hoặc công nhận, hoạt động","[chapter I | article 4 | clause 12] 12. Thu nhập nhận được từ các tổ chức và quỹ từ thiện được cơ quan nhà nước có thẩm quyền cho phép thành lập hoặc công nhận, hoạt động"
chunk:chapter I|article 4|clause 12:2,"hoặc công nhận, hoạt động vì mục đích từ thiện, nhân đạo, không vì mục tiêu lợi nhuận.","[chapter I | article 4 | clause 12] hoặc công nhận, hoạt động vì mục đích từ thiện, nhân đạo, không vì mục tiêu lợi nhuận."
chunk:chapter I|article 4|clause 13:1,"13. Thu nhập nhận được từ nguồn viện trợ nước ngoài vì mục đích từ thiện, nhân đạo dưới hình thức chính phủ và phi chính phủ được cơ quan","[chapter I | article 4 | clause 13] 13. Thu nhập nhận được từ nguồn viện trợ nước ngoài vì mục đích từ thiện, nhân đạo dưới hình thức chính phủ và phi chính phủ được cơ quan"
chunk:chapter I|article 4|clause 13:2,chính phủ được cơ quan nhà nước có thẩm quyền phê duyệt.,[chapter I | article 4 | clause 13] chính phủ được cơ quan nhà nước có thẩm quyền phê duyệt.
chunk:chapter I|article 4|clause 14:1,"14. Thu nhập từ tiền lương, tiền công của thuyền viên là người Việt Nam làm việc cho các hãng tàu nước ngoài hoặc các hãng tàu Việt Nam vận","[chapter I | article 4 | clause 14] 14. Thu nhập từ tiền lương, tiền công của thuyền viên là người Việt Nam làm việc cho các hãng tàu nước ngoài hoặc các hãng tàu Việt Nam vận"
chunk:chapter I|article 4|clause 14:2,hãng tàu Việt Nam vận tải quốc tế.,[chapter I | article 4 | clause 14] hãng tàu Việt Nam vận tải quốc tế.
chunk:chapter I|article 4|clause 15:1,"15. Thu nhập của cá nhân là chủ tàu, cá nhân có quyền sử dụng tàu và cá nhân làm việc trên tàu từ hoạt động cung cấp hàng hóa,","[chapter I | article 4 | clause 15] 15. Thu nhập của cá nhân là chủ tàu, cá nhân có quyền sử dụng tàu và cá nhân làm việc trên tàu từ hoạt động cung cấp hàng hóa,"
chunk:chapter I|article 4|clause 15:2,"động cung cấp hàng hóa, dịch vụ trực tiếp phục vụ hoạt động khai thác, đánh bắt thủy sản xa bờ.","[chapter I | article 4 | clause 15] động cung cấp hàng hóa, dịch vụ trực tiếp phục vụ hoạt động khai thác, đánh bắt thủy sản xa bờ."
chunk:chapter I|article 4|clause 16:1,"16. Thu nhập từ chuyển nhượng lần đầu kết quả giảm phát thải khí nhà kính của cá nhân được công nhận kết quả giảm phát thải khí nhà kính,","[chapter I | article 4 | clause 16] 16. Thu nhập từ chuyển nhượng lần đầu kết quả giảm phát thải khí nhà kính của cá nhân được công nhận kết quả giảm phát thải khí nhà kính,"
chunk:chapter I|article 4|clause 16:2,"phát thải khí nhà kính, tín chỉ các bon của cá nhân được cấp tín chỉ các bon; thu nhập từ tiền lãi trái phiếu xanh; thu nhập từ chuyển","[chapter I | article 4 | clause 16] phát thải khí nhà kính, tín chỉ các bon của cá nhân được cấp tín chỉ các bon; thu nhập từ tiền lãi trái phiếu xanh; thu nhập từ chuyển"
chunk:chapter I|article 4|clause 16:3,xanh; thu nhập từ chuyển nhượng lần đầu trái phiếu xanh sau khi phát hành.,[chapter I | article 4 | clause 16] xanh; thu nhập từ chuyển nhượng lần đầu trái phiếu xanh sau khi phát hành.
chunk:chapter I|article 4|clause 17:1,"17. Thu nhập từ tiền lương, tiền công từ thực hiện nhiệm vụ khoa học, công nghệ và đổi mới sáng tạo.","[chapter I | article 4 | clause 17] 17. Thu nhập từ tiền lương, tiền công từ thực hiện nhiệm vụ khoa học, công nghệ và đổi mới sáng tạo."
chunk:chapter I|article 4|clause 18:1,"18. Thu nhập từ quyền tác giả của nhiệm vụ khoa học, công nghệ và đổi mới sáng tạo khi kết quả nhiệm vụ được thương mại hóa theo quy","[chapter I | article 4 | clause 18] 18. Thu nhập từ quyền tác giả của nhiệm vụ khoa học, công nghệ và đổi mới sáng tạo khi kết quả nhiệm vụ được thương mại hóa theo quy"
chunk:chapter I|article 4|clause 18:2,"thương mại hóa theo quy định của pháp luật về khoa học, công nghệ và đổi mới sáng tạo, pháp luật về sở hữu trí tuệ.","[chapter I | article 4 | clause 18] thương mại hóa theo quy định của pháp luật về khoa học, công nghệ và đổi mới sáng tạo, pháp luật về sở hữu trí tuệ."
chunk:chapter I|article 4|clause 19:1,"19. Thu nhập của nhà đầu tư cá nhân, chuyên gia từ dự án khởi nghiệp sáng tạo, sáng lập viên cho doanh nghiệp khởi nghiệp sáng tạo, nhà đầu","[chapter I | article 4 | clause 19] 19. Thu nhập của nhà đầu tư cá nhân, chuyên gia từ dự án khởi nghiệp sáng tạo, sáng lập viên cho doanh nghiệp khởi nghiệp sáng tạo, nhà đầu"
chunk:chapter I|article 4|clause 19:2,"nghiệp sáng tạo, nhà đầu tư cá nhân góp vốn vào quỹ đầu tư mạo hiểm.","[chapter I | article 4 | clause 19] nghiệp sáng tạo, nhà đầu tư cá nhân góp vốn vào quỹ đầu tư mạo hiểm."
chunk:chapter I|article 4|clause 20:1,"20. Thu nhập từ tiền lương, tiền công của chuyên gia nước ngoài làm việc tại chương trình, dự án tài trợ bằng nguồn vốn ODA không hoàn lại, chương","[chapter I | article 4 | clause 20] 20. Thu nhập từ tiền lương, tiền công của chuyên gia nước ngoài làm việc tại chương trình, dự án tài trợ bằng nguồn vốn ODA không hoàn lại, chương"
chunk:chapter I|article 4|clause 20:2,"ODA không hoàn lại, chương trình, dự án phi chính phủ nước ngoài tại Việt Nam; cá nhân là người Việt Nam làm việc tại cơ quan đại diện của","[chapter I | article 4 | clause 20] ODA không hoàn lại, chương trình, dự án phi chính phủ nước ngoài tại Việt Nam; cá nhân là người Việt Nam làm việc tại cơ quan đại diện của"
chunk:chapter I|article 4|clause 20:3,cơ quan đại diện của tổ chức quốc tế thuộc Hệ thống Liên hợp quốc tại Việt Nam; cá nhân tham gia lực lượng gìn giữ hòa bình của Liên,[chapter I | article 4 | clause 20] cơ quan đại diện của tổ chức quốc tế thuộc Hệ thống Liên hợp quốc tại Việt Nam; cá nhân tham gia lực lượng gìn giữ hòa bình của Liên
chunk:chapter I|article 4|clause 20:4,giữ hòa bình của Liên hợp quốc.,[chapter I | article 4 | clause 20] giữ hòa bình của Liên hợp quốc.
chunk:chapter I|article 4|clause 21:1,"21. Thu nhập sau khi đã nộp thuế thu nhập doanh nghiệp của cá nhân là chủ doanh nghiệp tư nhân, cá nhân là chủ công ty trách nhiệm hữu","[chapter I | article 4 | clause 21] 21. Thu nhập sau khi đã nộp thuế thu nhập doanh nghiệp của cá nhân là chủ doanh nghiệp tư nhân, cá nhân là chủ công ty trách nhiệm hữu"
chunk:chapter I|article 4|clause 21:2,công ty trách nhiệm hữu hạn một thành viên.,[chapter I | article 4 | clause 21] công ty trách nhiệm hữu hạn một thành viên.
chunk:chapter I|article 4|clause 22:1,22. Chính phủ quy định chi tiết Điều này.,[chapter I | article 4 | clause 22] 22. Chính phủ quy định chi tiết Điều này.
chunk:chapter I|article 5|clause 1:1,"1. Người nộp thuế gặp khó khăn do thiên tai, dịch bệnh, hoả hoạn, tai nạn, bệnh hiểm nghèo ảnh hưởng đến khả năng nộp thuế thì được giảm thuế","[chapter I | article 5 | clause 1] 1. Người nộp thuế gặp khó khăn do thiên tai, dịch bệnh, hoả hoạn, tai nạn, bệnh hiểm nghèo ảnh hưởng đến khả năng nộp thuế thì được giảm thuế"
chunk:chapter I|article 5|clause 1:2,thuế thì được giảm thuế tương ứng với mức độ thiệt hại nhưng không vượt quá số thuế phải nộp.,[chapter I | article 5 | clause 1] thuế thì được giảm thuế tương ứng với mức độ thiệt hại nhưng không vượt quá số thuế phải nộp.
chunk:chapter I|article 5|clause 2|point a:1,a) Thu nhập từ dự án hoạt động công nghiệp công nghệ số trong khu công nghệ số tập trung;,[chapter I | article 5 | clause 2 | point a] a) Thu nhập từ dự án hoạt động công nghiệp công nghệ số trong khu công nghệ số tập trung;
chunk:chapter I|article 5|clause 2|point b:1,"b) Thu nhập từ dự án nghiên cứu và phát triển, sản xuất sản phẩm công nghệ số trọng điểm, chip bán dẫn, hệ thống trí tuệ nhân tạo;","[chapter I | article 5 | clause 2 | point b] b) Thu nhập từ dự án nghiên cứu và phát triển, sản xuất sản phẩm công nghệ số trọng điểm, chip bán dẫn, hệ thống trí tuệ nhân tạo;"
chunk:chapter I|article 5|clause 2|point c:1,c) Thu nhập từ các hoạt động đào tạo nhân lực công nghiệp công nghệ số.,[chapter I | article 5 | clause 2 | point c] c) Thu nhập từ các hoạt động đào tạo nhân lực công nghiệp công nghệ số.
chunk:chapter I|article 5|clause 3:1,"3. Miễn thuế thu nhập cá nhân trong thời hạn 05 năm đối với thu nhập từ tiền lương, tiền công của cá nhân là nhân lực công nghệ cao","[chapter I | article 5 | clause 3] 3. Miễn thuế thu nhập cá nhân trong thời hạn 05 năm đối với thu nhập từ tiền lương, tiền công của cá nhân là nhân lực công nghệ cao"
chunk:chapter I|article 5|clause 3:2,nhân lực công nghệ cao thực hiện hoạt động nghiên cứu và phát triển công nghệ cao hoặc công nghệ chiến lược thuộc Danh mục công nghệ cao được ưu,[chapter I | article 5 | clause 3] nhân lực công nghệ cao thực hiện hoạt động nghiên cứu và phát triển công nghệ cao hoặc công nghệ chiến lược thuộc Danh mục công nghệ cao được ưu
chunk:chapter I|article 5|clause 3:3,công nghệ cao được ưu tiên đầu tư phát triển hoặc Danh mục công nghệ chiến lược và sản phẩm công nghệ chiến lược theo quy định của pháp luật,[chapter I | article 5 | clause 3] công nghệ cao được ưu tiên đầu tư phát triển hoặc Danh mục công nghệ chiến lược và sản phẩm công nghệ chiến lược theo quy định của pháp luật
chunk:chapter I|article 5|clause 3:4,quy định của pháp luật về công nghệ cao.,[chapter I | article 5 | clause 3] quy định của pháp luật về công nghệ cao.
chunk:chapter I|article 5|clause 4:1,4. Miễn thuế thu nhập cá nhân đối với chuyển nhượng chứng chỉ quỹ mở thành lập theo quy định của pháp luật về chứng khoán được nắm giữ từ,[chapter I | article 5 | clause 4] 4. Miễn thuế thu nhập cá nhân đối với chuyển nhượng chứng chỉ quỹ mở thành lập theo quy định của pháp luật về chứng khoán được nắm giữ từ
chunk:chapter I|article 5|clause 4:2,khoán được nắm giữ từ 02 năm trở lên kể từ ngày mua.,[chapter I | article 5 | clause 4] khoán được nắm giữ từ 02 năm trở lên kể từ ngày mua.
chunk:chapter I|article 5|clause 5:1,"5. Giảm 50% thuế thu nhập cá nhân đối với lợi tức của nhà đầu tư cá nhân được chia từ quỹ đầu tư chứng khoán, quỹ đầu tư bất","[chapter I | article 5 | clause 5] 5. Giảm 50% thuế thu nhập cá nhân đối với lợi tức của nhà đầu tư cá nhân được chia từ quỹ đầu tư chứng khoán, quỹ đầu tư bất"
chunk:chapter I|article 5|clause 5:2,"khoán, quỹ đầu tư bất động sản thành lập theo quy định của Luật Chứng khoán trong thời hạn do Chính phủ quy định.","[chapter I | article 5 | clause 5] khoán, quỹ đầu tư bất động sản thành lập theo quy định của Luật Chứng khoán trong thời hạn do Chính phủ quy định."
chunk:chapter I|article 5|clause 6:1,6. Chính phủ quy định chi tiết Điều này.,[chapter I | article 5 | clause 6] 6. Chính phủ quy định chi tiết Điều này.
chunk:chapter I|article 6:1,"# **Điều 6. Quản lý thuế đối với thuế thu nhập cá nhân** Căn cứ quy định của Luật này, Chính phủ quy định về kỳ tính thuế theo năm","[chapter I | article 6] # **Điều 6. Quản lý thuế đối với thuế thu nhập cá nhân** Căn cứ quy định của Luật này, Chính phủ quy định về kỳ tính thuế theo năm"
chunk:chapter I|article 6:2,"kỳ tính thuế theo năm đối với thu nhập từ kinh doanh, thu nhập từ tiền lương, tiền công của cá nhân cư trú, kỳ tính thuế theo từng lần","[chapter I | article 6] kỳ tính thuế theo năm đối với thu nhập từ kinh doanh, thu nhập từ tiền lương, tiền công của cá nhân cư trú, kỳ tính thuế theo từng lần"
chunk:chapter I|article 6:3,tính thuế theo từng lần phát sinh đối với các khoản thu nhập khác của cá nhân cư trú và cá nhân không cư trú; thời điểm xác định thu,[chapter I | article 6] tính thuế theo từng lần phát sinh đối với các khoản thu nhập khác của cá nhân cư trú và cá nhân không cư trú; thời điểm xác định thu
chunk:chapter I|article 6:4,thời điểm xác định thu nhập tính thuế; quyết toán thuế; hoàn thuế đối với trường hợp cá nhân có số thuế đã nộp lớn hơn số thuế phải nộp,[chapter I | article 6] thời điểm xác định thu nhập tính thuế; quyết toán thuế; hoàn thuế đối với trường hợp cá nhân có số thuế đã nộp lớn hơn số thuế phải nộp
chunk:chapter I|article 6:5,"hơn số thuế phải nộp hoặc chưa đến mức phải nộp; trách nhiệm khấu trừ, khai thay, nộp thay cho người nộp thuế phù hợp với quy định của Luật","[chapter I | article 6] hơn số thuế phải nộp hoặc chưa đến mức phải nộp; trách nhiệm khấu trừ, khai thay, nộp thay cho người nộp thuế phù hợp với quy định của Luật"
chunk:chapter I|article 6:6,với quy định của Luật Quản lý thuế.,[chapter I | article 6] với quy định của Luật Quản lý thuế.
chunk:chapter II|article 7|clause 1:1,"1. Cá nhân cư trú có hoạt động sản xuất, kinh doanh có mức doanh thu năm từ 500 triệu đồng trở xuống không phải nộp thuế thu nhập cá","[chapter II | article 7 | clause 1] 1. Cá nhân cư trú có hoạt động sản xuất, kinh doanh có mức doanh thu năm từ 500 triệu đồng trở xuống không phải nộp thuế thu nhập cá"
chunk:chapter II|article 7|clause 1:2,nộp thuế thu nhập cá nhân. Chính phủ trình Ủy ban Thường vụ Quốc hội điều chỉnh mức doanh thu không phải nộp thuế thu nhập cá nhân cho phù,[chapter II | article 7 | clause 1] nộp thuế thu nhập cá nhân. Chính phủ trình Ủy ban Thường vụ Quốc hội điều chỉnh mức doanh thu không phải nộp thuế thu nhập cá nhân cho phù
chunk:chapter II|article 7|clause 1:3,nhập cá nhân cho phù hợp với tình hình kinh tế - xã hội trong từng thời kỳ.,[chapter II | article 7 | clause 1] nhập cá nhân cho phù hợp với tình hình kinh tế - xã hội trong từng thời kỳ.
chunk:chapter II|article 7|clause 2|point a:1,"a) Thu nhập tính thuế được xác định bằng doanh thu của hàng hóa, dịch vụ bán ra trừ (-) đi chi phí liên quan đến hoạt động sản xuất,","[chapter II | article 7 | clause 2 | point a] a) Thu nhập tính thuế được xác định bằng doanh thu của hàng hóa, dịch vụ bán ra trừ (-) đi chi phí liên quan đến hoạt động sản xuất,"
chunk:chapter II|article 7|clause 2|point a:2,"đến hoạt động sản xuất, kinh doanh trong kỳ tính thuế;","[chapter II | article 7 | clause 2 | point a] đến hoạt động sản xuất, kinh doanh trong kỳ tính thuế;"
chunk:chapter II|article 7|clause 2|point b:1,b) Cá nhân kinh doanh có doanh thu năm trên mức quy định tại khoản 1 Điều này đến 03 tỷ đồng: thuế suất 15%;,[chapter II | article 7 | clause 2 | point b] b) Cá nhân kinh doanh có doanh thu năm trên mức quy định tại khoản 1 Điều này đến 03 tỷ đồng: thuế suất 15%;
chunk:chapter II|article 7|clause 2|point c:1,c) Cá nhân kinh doanh có doanh thu năm trên 03 tỷ đồng đến 50 tỷ đồng: thuế suất 17%;,[chapter II | article 7 | clause 2 | point c] c) Cá nhân kinh doanh có doanh thu năm trên 03 tỷ đồng đến 50 tỷ đồng: thuế suất 17%;
chunk:chapter II|article 7|clause 2|point d:1,d) Cá nhân kinh doanh có doanh thu năm trên 50 tỷ đồng: thuế suất 20%. Thu nhập từ cho thuê bất động sản quy định tại khoản 4 Điều,[chapter II | article 7 | clause 2 | point d] d) Cá nhân kinh doanh có doanh thu năm trên 50 tỷ đồng: thuế suất 20%. Thu nhập từ cho thuê bất động sản quy định tại khoản 4 Điều
chunk:chapter II|article 7|clause 2|point d:2,định tại khoản 4 Điều này không áp dụng cách tính thuế quy định tại khoản này.,[chapter II | article 7 | clause 2 | point d] định tại khoản 4 Điều này không áp dụng cách tính thuế quy định tại khoản này.
chunk:chapter II|article 7|clause 3|point a:1,a) Doanh thu tính thuế được xác định bằng phần doanh thu vượt trên mức quy định tại khoản 1 Điều này;,[chapter II | article 7 | clause 3 | point a] a) Doanh thu tính thuế được xác định bằng phần doanh thu vượt trên mức quy định tại khoản 1 Điều này;
chunk:chapter II|article 7|clause 3|point b:1,"b) Phân phối, cung cấp hàng hoá: thuế suất 0,5%;","[chapter II | article 7 | clause 3 | point b] b) Phân phối, cung cấp hàng hoá: thuế suất 0,5%;"
chunk:chapter II|article 7|clause 3|point c:1,"c) Dịch vụ, xây dựng không bao thầu nguyên vật liệu: thuế suất 2%. Riêng hoạt động cho thuê tài sản, đại lý bảo hiểm, đại lý xổ số, đại","[chapter II | article 7 | clause 3 | point c] c) Dịch vụ, xây dựng không bao thầu nguyên vật liệu: thuế suất 2%. Riêng hoạt động cho thuê tài sản, đại lý bảo hiểm, đại lý xổ số, đại"
chunk:chapter II|article 7|clause 3|point c:2,"đại lý xổ số, đại lý bán hàng đa cấp: thuế suất 5%;","[chapter II | article 7 | clause 3 | point c] đại lý xổ số, đại lý bán hàng đa cấp: thuế suất 5%;"
chunk:chapter II|article 7|clause 3|point d:1,"d) Sản xuất, vận tải, dịch vụ có gắn với hàng hoá, xây dựng có bao thầu nguyên vật liệu: thuế suất 1,5%;","[chapter II | article 7 | clause 3 | point d] d) Sản xuất, vận tải, dịch vụ có gắn với hàng hoá, xây dựng có bao thầu nguyên vật liệu: thuế suất 1,5%;"
chunk:chapter II|article 7|clause 3|point d:1,"đ) Hoạt động cung cấp sản phẩm và dịch vụ nội dung thông tin số về giải trí, trò chơi điện tử, phim số, ảnh số, nhạc số, quảng cáo","[chapter II | article 7 | clause 3 | point d] đ) Hoạt động cung cấp sản phẩm và dịch vụ nội dung thông tin số về giải trí, trò chơi điện tử, phim số, ảnh số, nhạc số, quảng cáo"
chunk:chapter II|article 7|clause 3|point d:2,"số, nhạc số, quảng cáo số: thuế suất 5%;","[chapter II | article 7 | clause 3 | point d] số, nhạc số, quảng cáo số: thuế suất 5%;"
chunk:chapter II|article 7|clause 3|point e:1,e) Hoạt động kinh doanh khác: thuế suất 1%.,[chapter II | article 7 | clause 3 | point e] e) Hoạt động kinh doanh khác: thuế suất 1%.
chunk:chapter II|article 7|clause 4:1,"4. Cá nhân cho thuê bất động sản, trừ hoạt động kinh doanh lưu trú, nộp thuế thu nhập cá nhân được xác định bằng phần doanh thu vượt trên","[chapter II | article 7 | clause 4] 4. Cá nhân cho thuê bất động sản, trừ hoạt động kinh doanh lưu trú, nộp thuế thu nhập cá nhân được xác định bằng phần doanh thu vượt trên"
chunk:chapter II|article 7|clause 4:2,phần doanh thu vượt trên mức quy định tại khoản 1 Điều này nhân (x) với thuế suất 5%.,[chapter II | article 7 | clause 4] phần doanh thu vượt trên mức quy định tại khoản 1 Điều này nhân (x) với thuế suất 5%.
chunk:chapter II|article 7|clause 5:1,5. Chính phủ quy định chi tiết Điều này.,[chapter II | article 7 | clause 5] 5. Chính phủ quy định chi tiết Điều này.
chunk:chapter II|article 8|clause 1:1,"1. Thuế thu nhập cá nhân đối với thu nhập từ tiền lương, tiền công của cá nhân cư trú được xác định bằng thu nhập tính thuế quy định","[chapter II | article 8 | clause 1] 1. Thuế thu nhập cá nhân đối với thu nhập từ tiền lương, tiền công của cá nhân cư trú được xác định bằng thu nhập tính thuế quy định"
chunk:chapter II|article 8|clause 1:2,"nhập tính thuế quy định tại khoản 2 Điều này, không phân biệt nơi trả thu nhập, nhân (x) với thuế suất tại Biểu thuế lũy tiến từng phần quy","[chapter II | article 8 | clause 1] nhập tính thuế quy định tại khoản 2 Điều này, không phân biệt nơi trả thu nhập, nhân (x) với thuế suất tại Biểu thuế lũy tiến từng phần quy"
chunk:chapter II|article 8|clause 1:3,lũy tiến từng phần quy định tại Điều 9 của Luật này.,[chapter II | article 8 | clause 1] lũy tiến từng phần quy định tại Điều 9 của Luật này.
chunk:chapter II|article 8|clause 2:1,"2. Thu nhập tính thuế đối với thu nhập từ tiền lương, tiền công là tổng thu nhập chịu thuế quy định tại khoản 2 Điều 3 của Luật này","[chapter II | article 8 | clause 2] 2. Thu nhập tính thuế đối với thu nhập từ tiền lương, tiền công là tổng thu nhập chịu thuế quy định tại khoản 2 Điều 3 của Luật này"
chunk:chapter II|article 8|clause 2:2,"Điều 3 của Luật này mà người nộp thuế nhận được trong kỳ tính thuế, trừ (-) đi các khoản đóng góp bảo hiểm xã hội, bảo hiểm y tế,","[chapter II | article 8 | clause 2] Điều 3 của Luật này mà người nộp thuế nhận được trong kỳ tính thuế, trừ (-) đi các khoản đóng góp bảo hiểm xã hội, bảo hiểm y tế,"
chunk:chapter II|article 8|clause 2:3,"hội, bảo hiểm y tế, bảo hiểm thất nghiệp, bảo hiểm trách nhiệm nghề nghiệp đối với một số ngành, nghề phải tham gia bảo hiểm bắt buộc, khoản đóng","[chapter II | article 8 | clause 2] hội, bảo hiểm y tế, bảo hiểm thất nghiệp, bảo hiểm trách nhiệm nghề nghiệp đối với một số ngành, nghề phải tham gia bảo hiểm bắt buộc, khoản đóng"
chunk:chapter II|article 8|clause 2:4,"hiểm bắt buộc, khoản đóng góp tham gia bảo hiểm hưu trí bổ sung theo quy định của Luật Bảo hiểm xã hội, mua bảo hiểm hưu trí tự nguyện,","[chapter II | article 8 | clause 2] hiểm bắt buộc, khoản đóng góp tham gia bảo hiểm hưu trí bổ sung theo quy định của Luật Bảo hiểm xã hội, mua bảo hiểm hưu trí tự nguyện,"
chunk:chapter II|article 8|clause 2:5,"hiểm hưu trí tự nguyện, bảo hiểm nhân thọ không vượt quá mức do Chính phủ quy định và các khoản giảm trừ quy định tại Điều 10 và Điều","[chapter II | article 8 | clause 2] hiểm hưu trí tự nguyện, bảo hiểm nhân thọ không vượt quá mức do Chính phủ quy định và các khoản giảm trừ quy định tại Điều 10 và Điều"
chunk:chapter II|article 8|clause 2:6,tại Điều 10 và Điều 11 của Luật này.,[chapter II | article 8 | clause 2] tại Điều 10 và Điều 11 của Luật này.
chunk:chapter II|article 8|clause 3:1,"3. Thời điểm xác định thu nhập tính thuế từ tiền lương, tiền công là thời điểm tổ chức, cá nhân trả thu nhập cho người nộp thuế hoặc thời","[chapter II | article 8 | clause 3] 3. Thời điểm xác định thu nhập tính thuế từ tiền lương, tiền công là thời điểm tổ chức, cá nhân trả thu nhập cho người nộp thuế hoặc thời"
chunk:chapter II|article 8|clause 3:2,người nộp thuế hoặc thời điểm người nộp thuế nhận được thu nhập.,[chapter II | article 8 | clause 3] người nộp thuế hoặc thời điểm người nộp thuế nhận được thu nhập.
chunk:chapter II|article 9|clause 1:1,1. Biểu thuế luỹ tiến từng phần áp dụng đối với thu nhập tính thuế quy định tại khoản 2 Điều 8 của Luật này.,[chapter II | article 9 | clause 1] 1. Biểu thuế luỹ tiến từng phần áp dụng đối với thu nhập tính thuế quy định tại khoản 2 Điều 8 của Luật này.
chunk:chapter II|article 9|clause 2:1,2. Biểu thuế luỹ tiến từng phần được quy định như sau: |Bậc thuế|Phần thu nhập tính thuế/năm<br>(triệu đồng)|Phần thu nhập tính<br>thuế/tháng<br>(triệu đồng)|Thuế suất (%)| |---|---|---|---| |1|Đến 120|Đến 10|5| |2|Trên,[chapter II | article 9 | clause 2] 2. Biểu thuế luỹ tiến từng phần được quy định như sau: |Bậc thuế|Phần thu nhập tính thuế/năm<br>(triệu đồng)|Phần thu nhập tính<br>thuế/tháng<br>(triệu đồng)|Thuế suất (%)| |---|---|---|---| |1|Đến 120|Đến 10|5| |2|Trên
chunk:chapter II|article 9|clause 2:2,|---|---|---|---| |1|Đến 120|Đến 10|5| |2|Trên 120 đến 360|Trên 10 đến 30|10| |3|Trên 360 đến 720|Trên 30 đến 60|20| |4|Trên 720 đến 1.200|Trên 60 đến 100|30| |5|Trên 1.200|Trên 100|35|,[chapter II | article 9 | clause 2] |---|---|---|---| |1|Đến 120|Đến 10|5| |2|Trên 120 đến 360|Trên 10 đến 30|10| |3|Trên 360 đến 720|Trên 30 đến 60|20| |4|Trên 720 đến 1.200|Trên 60 đến 100|30| |5|Trên 1.200|Trên 100|35|
chunk:chapter II|article 10|clause 1|point a:1,"a) Mức giảm trừ đối với người nộp thuế là 15,5 triệu đồng/tháng (186 triệu đồng/năm);","[chapter II | article 10 | clause 1 | point a] a) Mức giảm trừ đối với người nộp thuế là 15,5 triệu đồng/tháng (186 triệu đồng/năm);"
chunk:chapter II|article 10|clause 1|point b:1,"b) Mức giảm trừ đối với mỗi người phụ thuộc là 6,2 triệu đồng/tháng.","[chapter II | article 10 | clause 1 | point b] b) Mức giảm trừ đối với mỗi người phụ thuộc là 6,2 triệu đồng/tháng."
chunk:chapter II|article 10|clause 2:1,"2. Căn cứ biến động của giá cả, thu nhập, Chính phủ trình Ủy ban Thường vụ Quốc hội quy định mức giảm trừ gia cảnh quy định tại khoản","[chapter II | article 10 | clause 2] 2. Căn cứ biến động của giá cả, thu nhập, Chính phủ trình Ủy ban Thường vụ Quốc hội quy định mức giảm trừ gia cảnh quy định tại khoản"
chunk:chapter II|article 10|clause 2:2,cảnh quy định tại khoản 1 Điều này phù hợp với tình hình kinh tế - xã hội trong từng thời kỳ.,[chapter II | article 10 | clause 2] cảnh quy định tại khoản 1 Điều này phù hợp với tình hình kinh tế - xã hội trong từng thời kỳ.
chunk:chapter II|article 10|clause 3:1,3. Việc xác định mức giảm trừ gia cảnh đối với người phụ thuộc thực hiện theo nguyên tắc mỗi người phụ thuộc chỉ được tính giảm trừ một lần,[chapter II | article 10 | clause 3] 3. Việc xác định mức giảm trừ gia cảnh đối với người phụ thuộc thực hiện theo nguyên tắc mỗi người phụ thuộc chỉ được tính giảm trừ một lần
chunk:chapter II|article 10|clause 3:2,tính giảm trừ một lần vào một người nộp thuế.,[chapter II | article 10 | clause 3] tính giảm trừ một lần vào một người nộp thuế.
chunk:chapter II|article 10|clause 4|point a:1,"a) Con chưa thành niên; con là người mất năng lực hành vi dân sự, người khuyết tật, không có khả năng lao động;","[chapter II | article 10 | clause 4 | point a] a) Con chưa thành niên; con là người mất năng lực hành vi dân sự, người khuyết tật, không có khả năng lao động;"
chunk:chapter II|article 10|clause 4|point b:1,"b) Các cá nhân không có thu nhập hoặc có thu nhập không vượt quá mức do Bộ trưởng Bộ Tài chính quy định, bao gồm con thành niên đang","[chapter II | article 10 | clause 4 | point b] b) Các cá nhân không có thu nhập hoặc có thu nhập không vượt quá mức do Bộ trưởng Bộ Tài chính quy định, bao gồm con thành niên đang"
chunk:chapter II|article 10|clause 4|point b:2,"gồm con thành niên đang học đại học, cao đẳng, trung học chuyên nghiệp hoặc học nghề; vợ hoặc chồng không có khả năng lao động; bố, mẹ đã hết","[chapter II | article 10 | clause 4 | point b] gồm con thành niên đang học đại học, cao đẳng, trung học chuyên nghiệp hoặc học nghề; vợ hoặc chồng không có khả năng lao động; bố, mẹ đã hết"
chunk:chapter II|article 10|clause 4|point b:3,"động; bố, mẹ đã hết tuổi lao động hoặc không có khả năng lao động; những người khác không nơi nương tựa mà người nộp thuế phải trực tiếp nuôi","[chapter II | article 10 | clause 4 | point b] động; bố, mẹ đã hết tuổi lao động hoặc không có khả năng lao động; những người khác không nơi nương tựa mà người nộp thuế phải trực tiếp nuôi"
chunk:chapter II|article 10|clause 4|point b:4,thuế phải trực tiếp nuôi dưỡng.,[chapter II | article 10 | clause 4 | point b] thuế phải trực tiếp nuôi dưỡng.
chunk:chapter II|article 11|clause 1|point a:1,"a) Khoản đóng góp vào tổ chức, cơ sở chăm sóc, nuôi dưỡng trẻ em có hoàn cảnh đặc biệt khó khăn, người khuyết tật, người già không nơi nương","[chapter II | article 11 | clause 1 | point a] a) Khoản đóng góp vào tổ chức, cơ sở chăm sóc, nuôi dưỡng trẻ em có hoàn cảnh đặc biệt khó khăn, người khuyết tật, người già không nơi nương"
chunk:chapter II|article 11|clause 1|point a:2,người già không nơi nương tựa;,[chapter II | article 11 | clause 1 | point a] người già không nơi nương tựa;
chunk:chapter II|article 11|clause 1|point b:1,"b) Khoản đóng góp vào quỹ từ thiện, quỹ nhân đạo, quỹ khuyến học;","[chapter II | article 11 | clause 1 | point b] b) Khoản đóng góp vào quỹ từ thiện, quỹ nhân đạo, quỹ khuyến học;"
chunk:chapter II|article 11|clause 1|point c:1,"c) Khoản đóng góp vào các tổ chức có chức năng huy động tài trợ được thành lập và hoạt động theo quy định của pháp luật. Tổ chức, cơ","[chapter II | article 11 | clause 1 | point c] c) Khoản đóng góp vào các tổ chức có chức năng huy động tài trợ được thành lập và hoạt động theo quy định của pháp luật. Tổ chức, cơ"
chunk:chapter II|article 11|clause 1|point c:2,"pháp luật. Tổ chức, cơ sở và các quỹ quy định tại khoản này phải được cơ quan nhà nước có thẩm quyền cho phép thành lập hoặc công nhận,","[chapter II | article 11 | clause 1 | point c] pháp luật. Tổ chức, cơ sở và các quỹ quy định tại khoản này phải được cơ quan nhà nước có thẩm quyền cho phép thành lập hoặc công nhận,"
chunk:chapter II|article 11|clause 1|point c:3,"thành lập hoặc công nhận, hoạt động vì mục đích từ thiện, nhân đạo, khuyến học, không vì mục tiêu lợi nhuận.","[chapter II | article 11 | clause 1 | point c] thành lập hoặc công nhận, hoạt động vì mục đích từ thiện, nhân đạo, khuyến học, không vì mục tiêu lợi nhuận."
chunk:chapter II|article 11|clause 2:1,"2. Khoản chi cho y tế, giáo dục - đào tạo của người nộp thuế, người phụ thuộc của người nộp thuế được giảm trừ vào thu nhập trước khi","[chapter II | article 11 | clause 2] 2. Khoản chi cho y tế, giáo dục - đào tạo của người nộp thuế, người phụ thuộc của người nộp thuế được giảm trừ vào thu nhập trước khi"
chunk:chapter II|article 11|clause 2:2,vào thu nhập trước khi tính thuế theo mức do Chính phủ quy định.,[chapter II | article 11 | clause 2] vào thu nhập trước khi tính thuế theo mức do Chính phủ quy định.
chunk:chapter II|article 11|clause 3:1,"3. Các khoản chi quy định tại Điều này phải đáp ứng các điều kiện về hóa đơn, chứng từ theo quy định của pháp luật và không được chi","[chapter II | article 11 | clause 3] 3. Các khoản chi quy định tại Điều này phải đáp ứng các điều kiện về hóa đơn, chứng từ theo quy định của pháp luật và không được chi"
chunk:chapter II|article 11|clause 3:2,luật và không được chi trả từ các nguồn khác.,[chapter II | article 11 | clause 3] luật và không được chi trả từ các nguồn khác.
chunk:chapter II|article 11|clause 4:1,4. Chính phủ quy định chi tiết Điều này.,[chapter II | article 11 | clause 4] 4. Chính phủ quy định chi tiết Điều này.
chunk:chapter II|article 12|clause 1:1,1. Thuế đối với thu nhập từ đầu tư vốn của cá nhân cư trú được xác định bằng thu nhập tính thuế nhân (x) với thuế suất 5%.,[chapter II | article 12 | clause 1] 1. Thuế đối với thu nhập từ đầu tư vốn của cá nhân cư trú được xác định bằng thu nhập tính thuế nhân (x) với thuế suất 5%.
chunk:chapter II|article 12|clause 2:1,2. Thu nhập tính thuế từ đầu tư vốn là tổng số các khoản thu nhập chịu thuế từ đầu tư vốn quy định tại khoản 3 Điều 3 của,[chapter II | article 12 | clause 2] 2. Thu nhập tính thuế từ đầu tư vốn là tổng số các khoản thu nhập chịu thuế từ đầu tư vốn quy định tại khoản 3 Điều 3 của
chunk:chapter II|article 12|clause 2:2,khoản 3 Điều 3 của Luật này mà người nộp thuế nhận được theo từng lần phát sinh.,[chapter II | article 12 | clause 2] khoản 3 Điều 3 của Luật này mà người nộp thuế nhận được theo từng lần phát sinh.
chunk:chapter II|article 12|clause 3:1,"3. Thời điểm xác định thu nhập tính thuế từ đầu tư vốn là thời điểm tổ chức, cá nhân trả thu nhập cho người nộp thuế hoặc thời điểm","[chapter II | article 12 | clause 3] 3. Thời điểm xác định thu nhập tính thuế từ đầu tư vốn là thời điểm tổ chức, cá nhân trả thu nhập cho người nộp thuế hoặc thời điểm"
chunk:chapter II|article 12|clause 3:2,nộp thuế hoặc thời điểm người nộp thuế nhận được thu nhập.,[chapter II | article 12 | clause 3] nộp thuế hoặc thời điểm người nộp thuế nhận được thu nhập.
chunk:chapter II|article 12|clause 4:1,4. Chính phủ quy định chi tiết Điều này.,[chapter II | article 12 | clause 4] 4. Chính phủ quy định chi tiết Điều này.
chunk:chapter II|article 13|clause 1:1,1. Thuế thu nhập cá nhân đối với thu nhập từ chuyển nhượng vốn của cá nhân cư trú được xác định bằng thu nhập tính thuế nhân (x) với,[chapter II | article 13 | clause 1] 1. Thuế thu nhập cá nhân đối với thu nhập từ chuyển nhượng vốn của cá nhân cư trú được xác định bằng thu nhập tính thuế nhân (x) với
chunk:chapter II|article 13|clause 1:2,"tính thuế nhân (x) với thuế suất 20% theo từng lần chuyển nhượng. Trong đó, thu nhập tính thuế từ chuyển nhượng vốn được xác định bằng giá chuyển nhượng","[chapter II | article 13 | clause 1] tính thuế nhân (x) với thuế suất 20% theo từng lần chuyển nhượng. Trong đó, thu nhập tính thuế từ chuyển nhượng vốn được xác định bằng giá chuyển nhượng"
chunk:chapter II|article 13|clause 1:3,định bằng giá chuyển nhượng trừ (-) đi giá mua và các khoản chi phí hợp lý liên quan đến việc tạo ra thu nhập từ chuyển nhượng vốn. Trường,[chapter II | article 13 | clause 1] định bằng giá chuyển nhượng trừ (-) đi giá mua và các khoản chi phí hợp lý liên quan đến việc tạo ra thu nhập từ chuyển nhượng vốn. Trường
chunk:chapter II|article 13|clause 1:4,từ chuyển nhượng vốn. Trường hợp không xác định giá mua và các chi phí liên quan đến việc chuyển nhượng vốn thì thuế thu nhập cá nhân được xác,[chapter II | article 13 | clause 1] từ chuyển nhượng vốn. Trường hợp không xác định giá mua và các chi phí liên quan đến việc chuyển nhượng vốn thì thuế thu nhập cá nhân được xác
chunk:chapter II|article 13|clause 1:5,nhập cá nhân được xác định bằng giá chuyển nhượng nhân (x) với thuế suất 2%.,[chapter II | article 13 | clause 1] nhập cá nhân được xác định bằng giá chuyển nhượng nhân (x) với thuế suất 2%.
chunk:chapter II|article 13|clause 2:1,"2. Thuế thu nhập cá nhân đối với thu nhập từ chuyển nhượng chứng khoán được xác định bằng giá chuyển nhượng nhân (x) với thuế suất 0,1% theo từng","[chapter II | article 13 | clause 2] 2. Thuế thu nhập cá nhân đối với thu nhập từ chuyển nhượng chứng khoán được xác định bằng giá chuyển nhượng nhân (x) với thuế suất 0,1% theo từng"
chunk:chapter II|article 13|clause 2:2,"thuế suất 0,1% theo từng lần chuyển nhượng.","[chapter II | article 13 | clause 2] thuế suất 0,1% theo từng lần chuyển nhượng."
chunk:chapter II|article 13|clause 3:1,3. Thời điểm xác định thu nhập tính thuế là thời điểm giao dịch hoàn thành theo quy định của pháp luật.,[chapter II | article 13 | clause 3] 3. Thời điểm xác định thu nhập tính thuế là thời điểm giao dịch hoàn thành theo quy định của pháp luật.
chunk:chapter II|article 13|clause 4:1,4. Chính phủ quy định chi tiết Điều này.,[chapter II | article 13 | clause 4] 4. Chính phủ quy định chi tiết Điều này.
chunk:chapter II|article 14|clause 1:1,1. Thuế thu nhập cá nhân đối với thu nhập từ chuyển nhượng bất động sản của cá nhân cư trú được xác định bằng giá chuyển nhượng nhân (x),[chapter II | article 14 | clause 1] 1. Thuế thu nhập cá nhân đối với thu nhập từ chuyển nhượng bất động sản của cá nhân cư trú được xác định bằng giá chuyển nhượng nhân (x)
chunk:chapter II|article 14|clause 1:2,giá chuyển nhượng nhân (x) với thuế suất 2%.,[chapter II | article 14 | clause 1] giá chuyển nhượng nhân (x) với thuế suất 2%.
chunk:chapter II|article 14|clause 2:1,2. Thời điểm xác định thu nhập tính thuế từ chuyển nhượng bất động sản là thời điểm hợp đồng chuyển nhượng có hiệu lực theo quy định của pháp,[chapter II | article 14 | clause 2] 2. Thời điểm xác định thu nhập tính thuế từ chuyển nhượng bất động sản là thời điểm hợp đồng chuyển nhượng có hiệu lực theo quy định của pháp
chunk:chapter II|article 14|clause 2:2,"theo quy định của pháp luật hoặc thời điểm đăng ký quyền sử dụng, quyền sở hữu bất động sản.","[chapter II | article 14 | clause 2] theo quy định của pháp luật hoặc thời điểm đăng ký quyền sử dụng, quyền sở hữu bất động sản."
chunk:chapter II|article 14|clause 3:1,3. Chính phủ quy định chi tiết Điều này.,[chapter II | article 14 | clause 3] 3. Chính phủ quy định chi tiết Điều này.
chunk:chapter II|article 15|clause 1:1,1. Thuế thu nhập cá nhân đối với thu nhập từ trúng thưởng của cá nhân cư trú được xác định bằng thu nhập tính thuế nhân (x) với thuế,[chapter II | article 15 | clause 1] 1. Thuế thu nhập cá nhân đối với thu nhập từ trúng thưởng của cá nhân cư trú được xác định bằng thu nhập tính thuế nhân (x) với thuế
chunk:chapter II|article 15|clause 1:2,thuế nhân (x) với thuế suất 10%.,[chapter II | article 15 | clause 1] thuế nhân (x) với thuế suất 10%.
chunk:chapter II|article 15|clause 2:1,2. Thu nhập tính thuế từ trúng thưởng là phần giá trị giải thưởng vượt trên 20 triệu đồng mà người nộp thuế nhận được theo từng lần trúng thưởng.,[chapter II | article 15 | clause 2] 2. Thu nhập tính thuế từ trúng thưởng là phần giá trị giải thưởng vượt trên 20 triệu đồng mà người nộp thuế nhận được theo từng lần trúng thưởng.
chunk:chapter II|article 15|clause 3:1,"3. Thời điểm xác định thu nhập tính thuế từ trúng thưởng là thời điểm tổ chức, cá nhân trả thu nhập cho người nộp thuế.","[chapter II | article 15 | clause 3] 3. Thời điểm xác định thu nhập tính thuế từ trúng thưởng là thời điểm tổ chức, cá nhân trả thu nhập cho người nộp thuế."
chunk:chapter II|article 16|clause 1:1,1. Thuế thu nhập cá nhân đối với thu nhập từ tiền bản quyền của cá nhân cư trú được tính bằng thu nhập tính thuế nhân (x) với thuế,[chapter II | article 16 | clause 1] 1. Thuế thu nhập cá nhân đối với thu nhập từ tiền bản quyền của cá nhân cư trú được tính bằng thu nhập tính thuế nhân (x) với thuế
chunk:chapter II|article 16|clause 1:2,thuế nhân (x) với thuế suất 5%.,[chapter II | article 16 | clause 1] thuế nhân (x) với thuế suất 5%.
chunk:chapter II|article 16|clause 2:1,"2. Thu nhập tính thuế từ tiền bản quyền là phần thu nhập vượt trên 20 triệu đồng mà người nộp thuế nhận được khi chuyển giao, chuyển quyền sử","[chapter II | article 16 | clause 2] 2. Thu nhập tính thuế từ tiền bản quyền là phần thu nhập vượt trên 20 triệu đồng mà người nộp thuế nhận được khi chuyển giao, chuyển quyền sử"
chunk:chapter II|article 16|clause 2:2,"chuyển giao, chuyển quyền sử dụng các đối tượng của quyền sở hữu trí tuệ, chuyển giao công nghệ theo từng hợp đồng.","[chapter II | article 16 | clause 2] chuyển giao, chuyển quyền sử dụng các đối tượng của quyền sở hữu trí tuệ, chuyển giao công nghệ theo từng hợp đồng."
chunk:chapter II|article 16|clause 3:1,"3. Thời điểm xác định thu nhập tính thuế từ tiền bản quyền là thời điểm tổ chức, cá nhân trả thu nhập cho người nộp thuế.","[chapter II | article 16 | clause 3] 3. Thời điểm xác định thu nhập tính thuế từ tiền bản quyền là thời điểm tổ chức, cá nhân trả thu nhập cho người nộp thuế."
chunk:chapter II|article 17|clause 1:1,1. Thuế thu nhập cá nhân đối với thu nhập từ nhượng quyền thương mại của cá nhân cư trú được tính bằng thu nhập tính thuế nhân (x) với,[chapter II | article 17 | clause 1] 1. Thuế thu nhập cá nhân đối với thu nhập từ nhượng quyền thương mại của cá nhân cư trú được tính bằng thu nhập tính thuế nhân (x) với
chunk:chapter II|article 17|clause 1:2,tính thuế nhân (x) với thuế suất 5%.,[chapter II | article 17 | clause 1] tính thuế nhân (x) với thuế suất 5%.
chunk:chapter II|article 17|clause 2:1,2. Thu nhập tính thuế từ nhượng quyền thương mại là phần thu nhập vượt trên 20 triệu đồng mà người nộp thuế nhận được theo từng hợp đồng nhượng,[chapter II | article 17 | clause 2] 2. Thu nhập tính thuế từ nhượng quyền thương mại là phần thu nhập vượt trên 20 triệu đồng mà người nộp thuế nhận được theo từng hợp đồng nhượng
chunk:chapter II|article 17|clause 2:2,theo từng hợp đồng nhượng quyền thương mại.,[chapter II | article 17 | clause 2] theo từng hợp đồng nhượng quyền thương mại.
chunk:chapter II|article 17|clause 3:1,"3. Thời điểm xác định thu nhập tính thuế từ nhượng quyền thương mại là thời điểm tổ chức, cá nhân trả thu nhập cho người nộp thuế.","[chapter II | article 17 | clause 3] 3. Thời điểm xác định thu nhập tính thuế từ nhượng quyền thương mại là thời điểm tổ chức, cá nhân trả thu nhập cho người nộp thuế."
chunk:chapter II|article 18|clause 1:1,"1. Thuế thu nhập cá nhân đối với thu nhập từ nhận thừa kế, quà tặng của cá nhân cư trú được xác định bằng thu nhập tính thuế nhân","[chapter II | article 18 | clause 1] 1. Thuế thu nhập cá nhân đối với thu nhập từ nhận thừa kế, quà tặng của cá nhân cư trú được xác định bằng thu nhập tính thuế nhân"
chunk:chapter II|article 18|clause 1:2,thu nhập tính thuế nhân (x) với thuế suất 10%.,[chapter II | article 18 | clause 1] thu nhập tính thuế nhân (x) với thuế suất 10%.
chunk:chapter II|article 18|clause 2:1,"2. Thu nhập tính thuế từ nhận thừa kế, quà tặng là phần giá trị tài sản thừa kế, quà tặng vượt trên 20 triệu đồng mà người nộp thuế","[chapter II | article 18 | clause 2] 2. Thu nhập tính thuế từ nhận thừa kế, quà tặng là phần giá trị tài sản thừa kế, quà tặng vượt trên 20 triệu đồng mà người nộp thuế"
chunk:chapter II|article 18|clause 2:2,đồng mà người nộp thuế nhận được theo từng lần phát sinh.,[chapter II | article 18 | clause 2] đồng mà người nộp thuế nhận được theo từng lần phát sinh.
chunk:chapter II|article 18|clause 3|point a:1,a) Đối với thu nhập từ nhận thừa kế là thời điểm người nộp thuế nhận được thừa kế;,[chapter II | article 18 | clause 3 | point a] a) Đối với thu nhập từ nhận thừa kế là thời điểm người nộp thuế nhận được thừa kế;
chunk:chapter II|article 18|clause 3|point b:1,"b) Đối với thu nhập từ nhận quà tặng là thời điểm tổ chức, cá nhân tặng cho người nộp thuế hoặc thời điểm người nộp thuế nhận được thu","[chapter II | article 18 | clause 3 | point b] b) Đối với thu nhập từ nhận quà tặng là thời điểm tổ chức, cá nhân tặng cho người nộp thuế hoặc thời điểm người nộp thuế nhận được thu"
chunk:chapter II|article 18|clause 3|point b:2,nộp thuế nhận được thu nhập.,[chapter II | article 18 | clause 3 | point b] nộp thuế nhận được thu nhập.
chunk:chapter II|article 18|clause 4:1,4. Chính phủ quy định chi tiết Điều này.,[chapter II | article 18 | clause 4] 4. Chính phủ quy định chi tiết Điều này.
chunk:chapter II|article 19|clause 1:1,"1. Thuế thu nhập cá nhân đối với thu nhập khác của cá nhân cư trú quy định tại các điểm a, b và c khoản 10 Điều 3 của","[chapter II | article 19 | clause 1] 1. Thuế thu nhập cá nhân đối với thu nhập khác của cá nhân cư trú quy định tại các điểm a, b và c khoản 10 Điều 3 của"
chunk:chapter II|article 19|clause 1:2,"khoản 10 Điều 3 của Luật này được xác định bằng thu nhập tính thuế nhân (x) với thuế suất 5%. Trong đó, thu nhập tính thuế là phần thu","[chapter II | article 19 | clause 1] khoản 10 Điều 3 của Luật này được xác định bằng thu nhập tính thuế nhân (x) với thuế suất 5%. Trong đó, thu nhập tính thuế là phần thu"
chunk:chapter II|article 19|clause 1:3,tính thuế là phần thu nhập vượt trên 20 triệu đồng mà người nộp thuế nhận được theo từng lần phát sinh.,[chapter II | article 19 | clause 1] tính thuế là phần thu nhập vượt trên 20 triệu đồng mà người nộp thuế nhận được theo từng lần phát sinh.
chunk:chapter II|article 19|clause 2:1,2. Thuế thu nhập cá nhân đối với thu nhập khác của cá nhân cư trú quy định tại điểm d và điểm đ khoản 10 Điều 3 của Luật,[chapter II | article 19 | clause 2] 2. Thuế thu nhập cá nhân đối với thu nhập khác của cá nhân cư trú quy định tại điểm d và điểm đ khoản 10 Điều 3 của Luật
chunk:chapter II|article 19|clause 2:2,"10 Điều 3 của Luật này được xác định bằng giá chuyển nhượng nhân (x) với thuế suất 0,1%.","[chapter II | article 19 | clause 2] 10 Điều 3 của Luật này được xác định bằng giá chuyển nhượng nhân (x) với thuế suất 0,1%."
chunk:chapter II|article 19|clause 3:1,"3. Thời điểm xác định thu nhập tính thuế là thời điểm tổ chức, cá nhân chi trả thu nhập cho người nộp thuế hoặc thời điểm người nộp thuế","[chapter II | article 19 | clause 3] 3. Thời điểm xác định thu nhập tính thuế là thời điểm tổ chức, cá nhân chi trả thu nhập cho người nộp thuế hoặc thời điểm người nộp thuế"
chunk:chapter II|article 19|clause 3:2,thời điểm người nộp thuế nhận được thu nhập.,[chapter II | article 19 | clause 3] thời điểm người nộp thuế nhận được thu nhập.
chunk:chapter II|article 19|clause 4:1,4. Chính phủ quy định chi tiết Điều này.,[chapter II | article 19 | clause 4] 4. Chính phủ quy định chi tiết Điều này.
chunk:chapter III|article 20|clause 1:1,1. Thuế thu nhập cá nhân đối với thu nhập từ kinh doanh của cá nhân không cư trú được xác định bằng doanh thu từ hoạt động kinh doanh,[chapter III | article 20 | clause 1] 1. Thuế thu nhập cá nhân đối với thu nhập từ kinh doanh của cá nhân không cư trú được xác định bằng doanh thu từ hoạt động kinh doanh
chunk:chapter III|article 20|clause 1:2,từ hoạt động kinh doanh quy định tại khoản 2 Điều này nhân (x) với thuế suất quy định tại khoản 3 Điều này.,[chapter III | article 20 | clause 1] từ hoạt động kinh doanh quy định tại khoản 2 Điều này nhân (x) với thuế suất quy định tại khoản 3 Điều này.
chunk:chapter III|article 20|clause 2:1,"2. Doanh thu là toàn bộ tiền bán hàng, tiền gia công, tiền cung ứng dịch vụ kể cả trợ giá, phụ thu, phụ trội mà cá nhân được hưởng,","[chapter III | article 20 | clause 2] 2. Doanh thu là toàn bộ tiền bán hàng, tiền gia công, tiền cung ứng dịch vụ kể cả trợ giá, phụ thu, phụ trội mà cá nhân được hưởng,"
chunk:chapter III|article 20|clause 2:2,"mà cá nhân được hưởng, không phân biệt đã thu được tiền hay chưa thu được tiền, bao gồm cả chi phí do bên mua hàng hoá, dịch vụ trả","[chapter III | article 20 | clause 2] mà cá nhân được hưởng, không phân biệt đã thu được tiền hay chưa thu được tiền, bao gồm cả chi phí do bên mua hàng hoá, dịch vụ trả"
chunk:chapter III|article 20|clause 2:3,"hàng hoá, dịch vụ trả thay cho cá nhân không cư trú mà không được hoàn trả. Trường hợp thoả thuận hợp đồng không bao gồm thuế thu nhập cá","[chapter III | article 20 | clause 2] hàng hoá, dịch vụ trả thay cho cá nhân không cư trú mà không được hoàn trả. Trường hợp thoả thuận hợp đồng không bao gồm thuế thu nhập cá"
chunk:chapter III|article 20|clause 2:4,gồm thuế thu nhập cá nhân thì doanh thu tính thuế phải quy đổi là toàn bộ số tiền mà cá nhân không cư trú nhận được dưới bất kỳ,[chapter III | article 20 | clause 2] gồm thuế thu nhập cá nhân thì doanh thu tính thuế phải quy đổi là toàn bộ số tiền mà cá nhân không cư trú nhận được dưới bất kỳ
chunk:chapter III|article 20|clause 2:5,"nhận được dưới bất kỳ hình thức nào từ việc cung cấp hàng hoá, dịch vụ tại Việt Nam không phụ thuộc vào địa điểm tiến hành các hoạt động","[chapter III | article 20 | clause 2] nhận được dưới bất kỳ hình thức nào từ việc cung cấp hàng hoá, dịch vụ tại Việt Nam không phụ thuộc vào địa điểm tiến hành các hoạt động"
chunk:chapter III|article 20|clause 2:6,tiến hành các hoạt động kinh doanh.,[chapter III | article 20 | clause 2] tiến hành các hoạt động kinh doanh.
chunk:chapter III|article 20|clause 3|point a:1,"a) Phân phối, cung cấp hàng hoá: 1%;","[chapter III | article 20 | clause 3 | point a] a) Phân phối, cung cấp hàng hoá: 1%;"
chunk:chapter III|article 20|clause 3|point b:1,"b) Dịch vụ, xây dựng không bao thầu nguyên vật liệu: 5%;","[chapter III | article 20 | clause 3 | point b] b) Dịch vụ, xây dựng không bao thầu nguyên vật liệu: 5%;"
chunk:chapter III|article 20|clause 3|point c:1,"c) Sản xuất, vận tải, dịch vụ có gắn với hàng hoá, xây dựng có bao thầu nguyên vật liệu: 2%;","[chapter III | article 20 | clause 3 | point c] c) Sản xuất, vận tải, dịch vụ có gắn với hàng hoá, xây dựng có bao thầu nguyên vật liệu: 2%;"
chunk:chapter III|article 20|clause 3|point d:1,"d) Hoạt động cung cấp sản phẩm và dịch vụ nội dung thông tin số về giải trí, trò chơi điện tử, phim số, ảnh số, nhạc số, quảng cáo:","[chapter III | article 20 | clause 3 | point d] d) Hoạt động cung cấp sản phẩm và dịch vụ nội dung thông tin số về giải trí, trò chơi điện tử, phim số, ảnh số, nhạc số, quảng cáo:"
chunk:chapter III|article 20|clause 3|point d:2,"số, nhạc số, quảng cáo: 5%;","[chapter III | article 20 | clause 3 | point d] số, nhạc số, quảng cáo: 5%;"
chunk:chapter III|article 20|clause 3|point d:1,đ) Hoạt động kinh doanh khác: 2%.,[chapter III | article 20 | clause 3 | point d] đ) Hoạt động kinh doanh khác: 2%.
chunk:chapter III|article 21:1,"# **Điều 21. Thuế thu nhập cá nhân đối với thu nhập từ tiền lương, tiền công** Thuế thu nhập cá nhân đối với thu nhập từ tiền lương, tiền","[chapter III | article 21] # **Điều 21. Thuế thu nhập cá nhân đối với thu nhập từ tiền lương, tiền công** Thuế thu nhập cá nhân đối với thu nhập từ tiền lương, tiền"
chunk:chapter III|article 21:2,"nhập từ tiền lương, tiền công của cá nhân không cư trú được xác định bằng tổng số tiền lương, tiền công mà cá nhân không cư trú nhận được","[chapter III | article 21] nhập từ tiền lương, tiền công của cá nhân không cư trú được xác định bằng tổng số tiền lương, tiền công mà cá nhân không cư trú nhận được"
chunk:chapter III|article 21:3,"không cư trú nhận được do thực hiện công việc tại Việt Nam nhân (x) với thuế suất 20%, không phân biệt nơi trả thu nhập.","[chapter III | article 21] không cư trú nhận được do thực hiện công việc tại Việt Nam nhân (x) với thuế suất 20%, không phân biệt nơi trả thu nhập."
chunk:chapter III|article 22:1,# **Điều 22. Thuế thu nhập cá nhân đối với thu nhập từ đầu tư vốn** Thuế thu nhập cá nhân đối với thu nhập từ đầu tư vốn của,[chapter III | article 22] # **Điều 22. Thuế thu nhập cá nhân đối với thu nhập từ đầu tư vốn** Thuế thu nhập cá nhân đối với thu nhập từ đầu tư vốn của
chunk:chapter III|article 22:2,từ đầu tư vốn của cá nhân không cư trú được xác định bằng tổng số thu nhập mà cá nhân không cư trú nhận được từ việc đầu tư,[chapter III | article 22] từ đầu tư vốn của cá nhân không cư trú được xác định bằng tổng số thu nhập mà cá nhân không cư trú nhận được từ việc đầu tư
chunk:chapter III|article 22:3,"được từ việc đầu tư vốn vào tổ chức, cá nhân tại Việt Nam nhân (x) với thuế suất 5%.","[chapter III | article 22] được từ việc đầu tư vốn vào tổ chức, cá nhân tại Việt Nam nhân (x) với thuế suất 5%."
chunk:chapter III|article 23|clause 1:1,1. Thuế thu nhập cá nhân đối với thu nhập từ chuyển nhượng vốn của cá nhân không cư trú được xác định bằng thu nhập tính thuế nhân (x),[chapter III | article 23 | clause 1] 1. Thuế thu nhập cá nhân đối với thu nhập từ chuyển nhượng vốn của cá nhân không cư trú được xác định bằng thu nhập tính thuế nhân (x)
chunk:chapter III|article 23|clause 1:2,"nhập tính thuế nhân (x) với thuế suất 20% theo từng lần phát sinh, không phân biệt việc chuyển nhượng được thực hiện tại Việt Nam hay tại nước ngoài.","[chapter III | article 23 | clause 1] nhập tính thuế nhân (x) với thuế suất 20% theo từng lần phát sinh, không phân biệt việc chuyển nhượng được thực hiện tại Việt Nam hay tại nước ngoài."
chunk:chapter III|article 23|clause 1:3,"Nam hay tại nước ngoài. Trong đó, thu nhập tính thuế từ chuyển nhượng vốn được xác định bằng giá chuyển nhượng trừ (-) đi giá mua và các khoản","[chapter III | article 23 | clause 1] Nam hay tại nước ngoài. Trong đó, thu nhập tính thuế từ chuyển nhượng vốn được xác định bằng giá chuyển nhượng trừ (-) đi giá mua và các khoản"
chunk:chapter III|article 23|clause 1:4,"giá mua và các khoản chi phí hợp lý liên quan đến việc tạo ra thu nhập từ chuyển nhượng phần vốn tại tổ chức, cá nhân Việt Nam. Trường","[chapter III | article 23 | clause 1] giá mua và các khoản chi phí hợp lý liên quan đến việc tạo ra thu nhập từ chuyển nhượng phần vốn tại tổ chức, cá nhân Việt Nam. Trường"
chunk:chapter III|article 23|clause 1:5,cá nhân Việt Nam. Trường hợp không xác định được giá mua và các chi phí liên quan đến việc chuyển nhượng vốn thì thuế thu nhập cá nhân được,[chapter III | article 23 | clause 1] cá nhân Việt Nam. Trường hợp không xác định được giá mua và các chi phí liên quan đến việc chuyển nhượng vốn thì thuế thu nhập cá nhân được
chunk:chapter III|article 23|clause 1:6,"thu nhập cá nhân được xác định bằng giá chuyển nhượng phần vốn tại tổ chức, cá nhân Việt Nam nhân (x) với thuế suất 2%.","[chapter III | article 23 | clause 1] thu nhập cá nhân được xác định bằng giá chuyển nhượng phần vốn tại tổ chức, cá nhân Việt Nam nhân (x) với thuế suất 2%."
chunk:chapter III|article 23|clause 2:1,2. Thuế thu nhập cá nhân đối với thu nhập từ chuyển nhượng chứng khoán của cá nhân không cư trú được xác định bằng giá chuyển nhượng nhân (x),[chapter III | article 23 | clause 2] 2. Thuế thu nhập cá nhân đối với thu nhập từ chuyển nhượng chứng khoán của cá nhân không cư trú được xác định bằng giá chuyển nhượng nhân (x)
chunk:chapter III|article 23|clause 2:2,"giá chuyển nhượng nhân (x) với thuế suất 0,1%.","[chapter III | article 23 | clause 2] giá chuyển nhượng nhân (x) với thuế suất 0,1%."
chunk:chapter III|article 23|clause 3:1,3. Chính phủ quy định chi tiết Điều này.,[chapter III | article 23 | clause 3] 3. Chính phủ quy định chi tiết Điều này.
chunk:chapter III|article 24|clause 1:1,1. Thuế thu nhập cá nhân đối với thu nhập từ chuyển nhượng bất động sản của cá nhân không cư trú được xác định bằng giá chuyển nhượng nhân,[chapter III | article 24 | clause 1] 1. Thuế thu nhập cá nhân đối với thu nhập từ chuyển nhượng bất động sản của cá nhân không cư trú được xác định bằng giá chuyển nhượng nhân
chunk:chapter III|article 24|clause 1:2,bằng giá chuyển nhượng nhân (x) với thuế suất 2%.,[chapter III | article 24 | clause 1] bằng giá chuyển nhượng nhân (x) với thuế suất 2%.
chunk:chapter III|article 24|clause 2:1,2. Chính phủ quy định chi tiết Điều này.,[chapter III | article 24 | clause 2] 2. Chính phủ quy định chi tiết Điều này.
chunk:chapter III|article 25|clause 1:1,1. Thuế thu nhập cá nhân đối với thu nhập từ tiền bản quyền của cá nhân không cư trú được xác định bằng phần thu nhập vượt trên 20,[chapter III | article 25 | clause 1] 1. Thuế thu nhập cá nhân đối với thu nhập từ tiền bản quyền của cá nhân không cư trú được xác định bằng phần thu nhập vượt trên 20
chunk:chapter III|article 25|clause 1:2,"thu nhập vượt trên 20 triệu đồng theo từng hợp đồng chuyển giao, chuyển quyền sử dụng các đối tượng của quyền sở hữu trí tuệ, chuyển giao công nghệ","[chapter III | article 25 | clause 1] thu nhập vượt trên 20 triệu đồng theo từng hợp đồng chuyển giao, chuyển quyền sử dụng các đối tượng của quyền sở hữu trí tuệ, chuyển giao công nghệ"
chunk:chapter III|article 25|clause 1:3,"tuệ, chuyển giao công nghệ tại Việt Nam nhân (x) với thuế suất 5%.","[chapter III | article 25 | clause 1] tuệ, chuyển giao công nghệ tại Việt Nam nhân (x) với thuế suất 5%."
chunk:chapter III|article 25|clause 2:1,2. Thuế thu nhập cá nhân đối với thu nhập từ nhượng quyền thương mại của cá nhân không cư trú được xác định bằng phần thu nhập vượt trên,[chapter III | article 25 | clause 2] 2. Thuế thu nhập cá nhân đối với thu nhập từ nhượng quyền thương mại của cá nhân không cư trú được xác định bằng phần thu nhập vượt trên
chunk:chapter III|article 25|clause 2:2,phần thu nhập vượt trên 20 triệu đồng theo từng hợp đồng nhượng quyền thương mại tại Việt Nam nhân (x) với thuế suất 5%.,[chapter III | article 25 | clause 2] phần thu nhập vượt trên 20 triệu đồng theo từng hợp đồng nhượng quyền thương mại tại Việt Nam nhân (x) với thuế suất 5%.
chunk:chapter III|article 26:1,"# **Điều 26. Thuế thu nhập cá nhân đối với thu nhập từ trúng thưởng, nhận thừa kế, quà tặng** Thuế thu nhập cá nhân đối với thu nhập từ","[chapter III | article 26] # **Điều 26. Thuế thu nhập cá nhân đối với thu nhập từ trúng thưởng, nhận thừa kế, quà tặng** Thuế thu nhập cá nhân đối với thu nhập từ"
chunk:chapter III|article 26:2,"đối với thu nhập từ trúng thưởng, nhận thừa kế, quà tặng của cá nhân không cư trú được xác định bằng phần giá trị vượt trên 20 triệu đồng","[chapter III | article 26] đối với thu nhập từ trúng thưởng, nhận thừa kế, quà tặng của cá nhân không cư trú được xác định bằng phần giá trị vượt trên 20 triệu đồng"
chunk:chapter III|article 26:3,"vượt trên 20 triệu đồng theo từng lần trúng thưởng, nhận thừa kế, quà tặng tại Việt Nam nhân (x) với thuế suất 10%.","[chapter III | article 26] vượt trên 20 triệu đồng theo từng lần trúng thưởng, nhận thừa kế, quà tặng tại Việt Nam nhân (x) với thuế suất 10%."
chunk:chapter III|article 27|clause 1:1,"1. Thuế thu nhập cá nhân đối với thu nhập khác của cá nhân không cư trú quy định tại các điểm a, b và c khoản 10 Điều 3","[chapter III | article 27 | clause 1] 1. Thuế thu nhập cá nhân đối với thu nhập khác của cá nhân không cư trú quy định tại các điểm a, b và c khoản 10 Điều 3"
chunk:chapter III|article 27|clause 1:2,c khoản 10 Điều 3 của Luật này được xác định bằng thu nhập tính thuế nhân (x) với thuế suất 5%. Thu nhập tính thuế là phần thu nhập,[chapter III | article 27 | clause 1] c khoản 10 Điều 3 của Luật này được xác định bằng thu nhập tính thuế nhân (x) với thuế suất 5%. Thu nhập tính thuế là phần thu nhập
chunk:chapter III|article 27|clause 1:3,thuế là phần thu nhập vượt trên 20 triệu đồng mà người nộp thuế nhận được theo từng lần phát sinh.,[chapter III | article 27 | clause 1] thuế là phần thu nhập vượt trên 20 triệu đồng mà người nộp thuế nhận được theo từng lần phát sinh.
chunk:chapter III|article 27|clause 2:1,2. Thuế thu nhập cá nhân đối với thu nhập khác của cá nhân không cư trú quy định tại điểm d và điểm đ khoản 10 Điều 3 của,[chapter III | article 27 | clause 2] 2. Thuế thu nhập cá nhân đối với thu nhập khác của cá nhân không cư trú quy định tại điểm d và điểm đ khoản 10 Điều 3 của
chunk:chapter III|article 27|clause 2:2,"khoản 10 Điều 3 của Luật này được xác định bằng giá chuyển nhượng nhân (x) với thuế suất 0,1%.","[chapter III | article 27 | clause 2] khoản 10 Điều 3 của Luật này được xác định bằng giá chuyển nhượng nhân (x) với thuế suất 0,1%."
chunk:chapter III|article 27|clause 3:1,3. Chính phủ quy định chi tiết Điều này.,[chapter III | article 27 | clause 3] 3. Chính phủ quy định chi tiết Điều này.
chunk:chapter III|article 28|clause 1:1,1. Thời điểm xác định thu nhập tính thuế đối với thu nhập quy định tại Điều 20 của Luật này là thời điểm cá nhân không cư trú nhận,[chapter III | article 28 | clause 1] 1. Thời điểm xác định thu nhập tính thuế đối với thu nhập quy định tại Điều 20 của Luật này là thời điểm cá nhân không cư trú nhận
chunk:chapter III|article 28|clause 1:2,"nhân không cư trú nhận được thu nhập hoặc thời điểm xuất hoá đơn bán hàng hoá, cung cấp dịch vụ.","[chapter III | article 28 | clause 1] nhân không cư trú nhận được thu nhập hoặc thời điểm xuất hoá đơn bán hàng hoá, cung cấp dịch vụ."
chunk:chapter III|article 28|clause 2:1,"2. Thời điểm xác định thu nhập tính thuế đối với thu nhập quy định tại các điều 21, 22, 25, 26 và 27 của Luật này là thời điểm","[chapter III | article 28 | clause 2] 2. Thời điểm xác định thu nhập tính thuế đối với thu nhập quy định tại các điều 21, 22, 25, 26 và 27 của Luật này là thời điểm"
chunk:chapter III|article 28|clause 2:2,"Luật này là thời điểm tổ chức, cá nhân tại Việt Nam trả thu nhập cho cá nhân không cư trú hoặc thời điểm cá nhân không cư trú nhận","[chapter III | article 28 | clause 2] Luật này là thời điểm tổ chức, cá nhân tại Việt Nam trả thu nhập cho cá nhân không cư trú hoặc thời điểm cá nhân không cư trú nhận"
chunk:chapter III|article 28|clause 2:3,nhân không cư trú nhận được thu nhập.,[chapter III | article 28 | clause 2] nhân không cư trú nhận được thu nhập.
chunk:chapter III|article 28|clause 3:1,3. Thời điểm xác định thu nhập tính thuế đối với thu nhập quy định tại Điều 23 của Luật này là thời điểm giao dịch hoàn thành theo quy,[chapter III | article 28 | clause 3] 3. Thời điểm xác định thu nhập tính thuế đối với thu nhập quy định tại Điều 23 của Luật này là thời điểm giao dịch hoàn thành theo quy
chunk:chapter III|article 28|clause 3:2,dịch hoàn thành theo quy định của pháp luật.,[chapter III | article 28 | clause 3] dịch hoàn thành theo quy định của pháp luật.
chunk:chapter III|article 28|clause 4:1,4. Thời điểm xác định thu nhập tính thuế đối với thu nhập quy định tại Điều 24 của Luật này là thời điểm hợp đồng chuyển nhượng có hiệu,[chapter III | article 28 | clause 4] 4. Thời điểm xác định thu nhập tính thuế đối với thu nhập quy định tại Điều 24 của Luật này là thời điểm hợp đồng chuyển nhượng có hiệu
chunk:chapter III|article 28|clause 4:2,"đồng chuyển nhượng có hiệu lực theo quy định của pháp luật hoặc thời điểm đăng ký quyền sử dụng, quyền sở hữu bất động sản.","[chapter III | article 28 | clause 4] đồng chuyển nhượng có hiệu lực theo quy định của pháp luật hoặc thời điểm đăng ký quyền sử dụng, quyền sở hữu bất động sản."
chunk:chapter III|article 28|clause 5:1,5. Chính phủ quy định chi tiết Điều này.,[chapter III | article 28 | clause 5] 5. Chính phủ quy định chi tiết Điều này.
chunk:chapter IV|article 29|clause 1:1,"1. Luật này có hiệu lực thi hành từ ngày 01 tháng 7 năm 2026, trừ quy định tại khoản 2 Điều này.","[chapter IV | article 29 | clause 1] 1. Luật này có hiệu lực thi hành từ ngày 01 tháng 7 năm 2026, trừ quy định tại khoản 2 Điều này."
chunk:chapter IV|article 29|clause 2:1,"2. Các quy định liên quan đến thu nhập từ kinh doanh, từ tiền lương, tiền công của cá nhân cư trú áp dụng từ kỳ tính thuế năm 2026.","[chapter IV | article 29 | clause 2] 2. Các quy định liên quan đến thu nhập từ kinh doanh, từ tiền lương, tiền công của cá nhân cư trú áp dụng từ kỳ tính thuế năm 2026."
chunk:chapter IV|article 29|clause 3:1,"3. Luật Thuế thu nhập cá nhân số 04/2007/QH12 đã được sửa đổi, bổ sung một số điều theo Luật số 26/2012/QH13, Luật số 71/2014/QH13, Luật số 31/2024/QH15, Luật số","[chapter IV | article 29 | clause 3] 3. Luật Thuế thu nhập cá nhân số 04/2007/QH12 đã được sửa đổi, bổ sung một số điều theo Luật số 26/2012/QH13, Luật số 71/2014/QH13, Luật số 31/2024/QH15, Luật số"
chunk:chapter IV|article 29|clause 3:2,"Luật số 31/2024/QH15, Luật số 48/2024/QH15, Luật số 56/2025/QH15, Luật số 71/2025/QH15, Luật số 93/2025/QH15 hết hiệu lực kể từ ngày Luật này có hiệu lực thi hành; riêng các","[chapter IV | article 29 | clause 3] Luật số 31/2024/QH15, Luật số 48/2024/QH15, Luật số 56/2025/QH15, Luật số 71/2025/QH15, Luật số 93/2025/QH15 hết hiệu lực kể từ ngày Luật này có hiệu lực thi hành; riêng các"
chunk:chapter IV|article 29|clause 3:3,"lực thi hành; riêng các quy định liên quan đến thu nhập từ kinh doanh, từ tiền lương, tiền công của cá nhân cư trú hết hiệu lực thi hành","[chapter IV | article 29 | clause 3] lực thi hành; riêng các quy định liên quan đến thu nhập từ kinh doanh, từ tiền lương, tiền công của cá nhân cư trú hết hiệu lực thi hành"
chunk:chapter IV|article 29|clause 3:4,hết hiệu lực thi hành từ kỳ tính thuế năm 2026.,[chapter IV | article 29 | clause 3] hết hiệu lực thi hành từ kỳ tính thuế năm 2026.
chunk:chapter IV|article 29|clause 4:1,"4. Trường hợp có quy định khác nhau về ưu đãi thuế giữa Luật này với Luật Thủ đô, nghị quyết của Quốc hội và giải pháp quy định tại","[chapter IV | article 29 | clause 4] 4. Trường hợp có quy định khác nhau về ưu đãi thuế giữa Luật này với Luật Thủ đô, nghị quyết của Quốc hội và giải pháp quy định tại"
chunk:chapter IV|article 29|clause 4:2,"giải pháp quy định tại điểm h khoản 8 Điều 10 của Luật Tổ chức Chính phủ thì áp dụng theo Luật Thủ đô, nghị quyết của Quốc hội và","[chapter IV | article 29 | clause 4] giải pháp quy định tại điểm h khoản 8 Điều 10 của Luật Tổ chức Chính phủ thì áp dụng theo Luật Thủ đô, nghị quyết của Quốc hội và"
chunk:chapter IV|article 29|clause 4:3,quyết của Quốc hội và giải pháp quy định tại điểm h khoản 8 Điều 10 của Luật Tổ chức Chính phủ. Trường hợp quy định tại Luật này ưu,[chapter IV | article 29 | clause 4] quyết của Quốc hội và giải pháp quy định tại điểm h khoản 8 Điều 10 của Luật Tổ chức Chính phủ. Trường hợp quy định tại Luật này ưu
chunk:chapter IV|article 29|clause 4:4,định tại Luật này ưu đãi hơn thì người nộp thuế được lựa chọn áp dụng mức ưu đãi có lợi nhất. _Luật này được Quốc hội nước Cộng hoà,[chapter IV | article 29 | clause 4] định tại Luật này ưu đãi hơn thì người nộp thuế được lựa chọn áp dụng mức ưu đãi có lợi nhất. _Luật này được Quốc hội nước Cộng hoà
chunk:chapter IV|article 29|clause 4:5,"Quốc hội nước Cộng hoà xã hội chủ nghĩa Việt Nam khóa XV, Kỳ họp thứ 10 thông qua ngày 10 tháng 12 năm 2025._ **CHỦ TỊCH QUỐC HỘI** **Trần","[chapter IV | article 29 | clause 4] Quốc hội nước Cộng hoà xã hội chủ nghĩa Việt Nam khóa XV, Kỳ họp thứ 10 thông qua ngày 10 tháng 12 năm 2025._ **CHỦ TỊCH QUỐC HỘI** **Trần"
chunk:chapter IV|article 29|clause 4:6,**CHỦ TỊCH QUỐC HỘI** **Trần Thanh Mẫn**,[chapter IV | article 29 | clause 4] **CHỦ TỊCH QUỐC HỘI** **Trần Thanh Mẫn**
